provider_import_notes,provider__operating_name,provider__legal_name,provider__ukprn,provider__urn,provider__code,provider__accreditation_status,accreditation__number,accreditation__start_date,accreditation__end_date,provider__provider_type,address__address_line_1,address__address_line_2,address__address_line_3,address__town_or_city,address__county,address__postcode,address__latitude,address__longitude,address__note,provider__academic_years_active,provider__academic_year_code,address__uprn,address__latitude_2,address__longitude_2,row_type,address__found,model_fields,os_fields,provider__provider_details_for_name,provider__provider_trading_names
match:market_reg:accreditation,2Schools Consortium,Oakthorpe Primary School,10045988,,T92,accredited,5606,2024-08-01T00:00:00Z,,scitt,Tile Kiln Lane,,,London,,N13 6BY,51.6139603,-0.0927213,,"2026,2025,2024,2023,2022,2021,2020,2019",2026,207004309,51.6139603,-0.0927213,updated,true,provider__legal_name,organisation_name,OAKTHORPE PRIMARY SCHOOL,2Schools Consortium
match:market_reg:accreditation,AA Teamworks West Yorkshire SCITT,Great Heights Trust,10058440,,2AT,accredited,5697,2024-08-01T00:00:00Z,,scitt,West Vale Primary School,Stainland Road,Greetland,Halifax,West Yorkshire,HX4 8LS,53.6880644,-1.853286,,"2026,2025,2024,2023,2022,2021,2020,2019",2026,,53.6880644,-1.853286,original,,,,GREAT HEIGHTS ACADEMY TRUST,THE GREETLAND ACADEMY (Academy Trust)
match:market_reg:accreditation,ARK Teacher Training,Ark Schools,10044534,135600,1CS,accredited,5635,2024-08-01T00:00:00Z,,scitt,"1, Edcity Walk",,,London,,W12 7TF,51.5153584,-0.1193644,,"2026,2025,2024,2023,2022,2021,2020,2019",2026,34174624,51.5153584,-0.1193644,updated,true,provider__legal_name,organisation_name,ARK SCHOOLS,
match:market_reg:accreditation,Arthur Terry SCITT,The Arthur Terry Learning Partnership,10034759,,A67,accredited,5583,2024-08-01T00:00:00Z,,scitt,Kittoe Road,,,Sutton Coldfield,,B74 4RZ,52.5885202,-1.8357342,,"2026,2025,2024,2023,2022,2021,2020,2019",2026,100071483859,52.5885202,-1.8357342,updated,true,,,THE ARTHUR TERRY LEARNING PARTNERSHIP,
match:market_reg:accreditation,Ashton on Mersey School SCITT,The Dean Trust,10055366,,24L,accredited,5638,2024-08-01T00:00:00Z,,scitt,Cecil Avenue,,,Sale,,M33 5BP,53.4189389,-2.3394249,,"2026,2025,2024,2023,2022,2021,2020,2019",2026,10070446089,53.4189389,-2.3394249,updated,true,,,THE DEAN TRUST,The Dean Trust (Academy Trust)
match:market_reg:accreditation,Associated Merseyside Partnership SCITT,Lydiate Learning Trust,10055360,,25F,accredited,5670,2024-08-01T00:00:00Z,,scitt,"Building 1000, Vortex Court",Enterprise Way,Wavertree Technology Park,Liverpool,"",L13 1FB,53.404109,-2.92999,,"2026,2025,2024,2023,2022,2021,2020,2019",2026,,53.4041379,-2.9292959,original,true,,,LYDIATE LEARNING TRUST,Lydiate Learning Trust (Academy Trust)
match:market_reg:accreditation,Astra SCITT,Dr Challoner's Grammar School,10032610,,28E,accredited,5689,2024-08-01T00:00:00Z,,scitt,Chesham Road,"",,Amersham,,HP6 5HA,51.676068,-0.610496,,"2026,2025,2024,2023,2022,2021,2020,2019",2026,100081078097,51.6760251,-0.6095188,original,true,,,DR CHALLONER'S GRAMMAR SCHOOL,
match:market_reg:accreditation,Barr Beacon SCITT,Matrix Academy Trust,10053216,,2AX,accredited,5694,2024-08-01T00:00:00Z,,scitt,Old Hall Lane,Aldridge,,Walsall,,WS9 0RF,52.562556,-1.915468,,"2026,2025,2024,2023,2022,2021,2020,2019",2026,100071553975,52.561104,-1.915301,original,true,,,MATRIX ACADEMY TRUST,Barr Beacon SchoolMATRIX ACADEMY TRUST (Academy Trust)
match:market_reg:accreditation,Bath Spa University,Bath Spa University,10000571,133790,B20,accredited,1502,2024-08-01T00:00:00Z,,hei,Sion Hill Campus,Sion Road,,Bath,,BA1 5SF,51.3937893,-2.3711777,,"2026,2025,2024,2023,2022,2021,2020,2019",2026,100121172380,51.3937893,-2.3711777,updated,true,,,BATH SPA UNIVERSITY,
match:market_reg:accreditation,Birmingham City University,Birmingham City University,10007140,133788,B25,accredited,1541,2024-08-01T00:00:00Z,,hei,"15, Bartholomew Row",,,Birmingham,,B5 5JU,52.4833468,-1.8847802,,"2026,2025,2024,2023,2022,2021,2020,2019",2026,10090247876,52.4833468,-1.8847802,updated,true,provider__legal_name,organisation_name,BIRMINGHAM CITY UNIVERSITY,
match:market_reg:accreditation,Birmingham Newman University,Birmingham Newman University,10007832,,N36,accredited,1523,2024-08-01T00:00:00Z,,hei,Genners Lane,,,Birmingham,,B32 3NT,52.4329957,-1.9936128,,"2026,2025,2024,2023,2022,2021,2020,2019",2026,100071455160,52.4329957,-1.9936128,updated,true,,,BIRMINGHAM NEWMAN UNIVERSITY,
match:market_reg:accreditation,Bluecoat SCITT Alliance,Archway Learning Trust,10052837,,1YH,accredited,5646,2024-08-01T00:00:00Z,,scitt,Aspley Lane,,,Nottingham,,NG8 5GY,52.969366,-1.1938169,,"2026,2025,2024,2023,2022,2021,2020,2019",2026,100032287539,52.969366,-1.1938169,updated,true,,,ARCHWAY LEARNING TRUST,Archway Learning Trust (Academy Trust)
match:market_reg:accreditation,Bournemouth Bay Teacher Training Partnership,Twynham Learning,10055369,,B52,accredited,5575,2024-08-01T00:00:00Z,,scitt,Redvers Road,,,Christchurch,,BH23 3AU,50.7412083,-1.7558412,,"2026,2025,2024,2023,2022,2021,2020,2019",2026,100040576847,50.7412083,-1.7558412,updated,true,,,TWYNHAM LEARNING,Twynham Learning (Academy Trust)
match:market_reg:accreditation,Bradford College,Bradford College,10000840,,B60,accredited,5564,2026-08-01T00:00:00Z,,scitt,Bradford Campus,Great Horton Road,,Bradford,,BD7 1AY,53.7916421,-1.7604645,,"2026,2025,2024,2023,2022,2021,2020,2019",2026,200004703694,53.7916421,-1.7604645,updated,true,,,BRADFORD COLLEGE,
match:market_reg:accreditation,Bright Futures SCITT,Bright Futures Educational Trust,10046414,,G65,accredited,5649,2024-08-01T00:00:00Z,,scitt,c/o AGGS The Lodge House,Cavendish Road,,Bowdon,Altrincham,WA14 2NJ,53.3811969,-2.359833,,"2026,2025,2024,2023,2022,2021,2020,2019",2026,,53.3811969,-2.359833,original,,,,BRIGHT FUTURES EDUCATIONAL TRUST,The Greater Manchester Bright Futures SCITTBRIGHT FUTURES EDUCATIONAL TRUST (Academy Trust)
match:market_reg:accreditation,Bromley Schools Collegiate,Impact MAT,10059069,,B91,accredited,5507,2024-08-01T00:00:00Z,,scitt,West Common Road,,,Bromley,,BR2 7DB,51.3748957,0.0188496,,"2026,2025,2024,2023,2022,2021,2020,2019",2026,100022891716,51.3748957,0.0188496,updated,true,,,IMPACT MULTI ACADEMY TRUST,LANGLEY PARK LEARNING TRUST (Academy Trust)
match:market_reg:accreditation,Brunel University London,Brunel University London,10000961,,B84,accredited,1504,2026-08-01T00:00:00Z,,hei,Kingston Lane,,,Uxbridge,,UB8 3PH,51.5321389,-0.4727493,,"2026,2025,2024,2023,2022,2021,2020,2019",2026,100023422889,51.5321389,-0.4727493,updated,true,,,BRUNEL UNIVERSITY LONDON,Brunel University of London
match:market_reg:accreditation,Cambridge Partnership,Meridian Trust,10053421,,C03,accredited,5602,2024-08-01T00:00:00Z,,scitt,Meridian Trust - Swavesey Village College,"Gibraltar Lane, Swavesey",,Cambridge,Cambridgeshire,CB24 4RN,52.2947667,-0.0055253,,"2026,2025,2024,2023,2022,2021,2020,2019",2026,,52.2947667,-0.0055253,original,,,,MERIDIAN TRUST,Cambridge Meridian Academies Trust (Academy Trust)
match:market_reg:accreditation,"Cambridge Training Schools Network, CTSN SCITT",The Cam Academy Trust,10055220,,1WO,accredited,5630,2024-08-01T00:00:00Z,,scitt,Sheepfold Lane,Cambourne,,Cambridge,,CB23 6FR,52.2226113,-0.0840494,,"2026,2025,2024,2023,2022,2021,2020,2019",2026,10090707194,52.2226113,-0.0840494,updated,true,address__address_line_1,organisation_name,THE CAM ACADEMY TRUST,The Cam Academy Trust (Academy Trust)
match:market_reg:accreditation,Canterbury Christ Church University,Canterbury Christ Church University,10001143,133806,C10,accredited,1505,2024-08-01T00:00:00Z,,hei,North Holmes Road,,,Canterbury,,CT1 1QU,51.277939,1.090659,,"2026,2025,2024,2023,2022,2021,2020,2019",2026,100062279041,51.277939,1.090659,updated,true,,,CANTERBURY CHRIST CHURCH UNIVERSITY,
match:market_reg:accreditation,Chepping View Primary Academy SCITT,Inspiring Futures Partnership Trust,10059665,,24S,accredited,5664,2024-08-01T00:00:00Z,,scitt,Cressex Road,,,High Wycombe,,HP12 4PR,51.615214,-0.7747284,,"2026,2025,2024,2023,2022,2021,2020,2019",2026,10000170617,51.615214,-0.7747284,updated,true,provider__legal_name,organisation_name,INSPIRING FUTURES PARTNERSHIP TRUST,INSPIRING FUTURES PARTNERSHIP TRUST (Academy Trust)
match:market_reg:accreditation,Cheshire East SCITT,Holmes Chapel Comprehensive School,10035146,,25Q,accredited,5680,2024-08-01T00:00:00Z,,scitt,Selkirk Drive,Holmes Chapel,,Crewe,,CW4 7DX,53.197618,-2.367597,,"2026,2025,2024,2023,2022,2021,2020,2019",2026,100012822281,53.197618,-2.367597,updated,true,,,HOLMES CHAPEL COMPREHENSIVE SCHOOL,
match:market_reg:accreditation,Chiltern Training Group,Chiltern Learning Trust,10055370,,C59,accredited,5508,2024-08-01T00:00:00Z,,scitt,Alexandra Avenue,"",,Luton,,LU3 1HE,51.891374,-0.425308,,"2026,2025,2024,2023,2022,2021,2020,2019",2026,100081192909,51.8913483,-0.4240396,original,true,,,CHILTERN LEARNING TRUST,Chiltern Learning Trust (Academy Trust)
match:market_reg:accreditation,Compton SCITT,The Compton School,10058414,,1X7,accredited,5644,2024-08-01T00:00:00Z,,scitt,Summers Lane,,,London,,N12 0QG,51.6092552,-0.1632865,,"2026,2025,2024,2023,2022,2021,2020,2019",2026,200110196,51.6092552,-0.1632865,updated,true,provider__legal_name,organisation_name,MIDDLESEX LEARNING TRUST,MIDDLESEX LEARNING TRUST (Academy Trust)
match:market_reg:accreditation,Cornwall School Centred Initial Teacher Training. (Cornwall SCITT),Truro & Penwith College,10007063,,C79,accredited,5511,2024-08-01T00:00:00Z,,scitt,College Road,,,Truro,,TR1 3XX,50.2618016,-5.1009933,,"2026,2025,2024,2023,2022,2021,2020,2019",2026,10001215315,50.2618016,-5.1009933,updated,true,,,TRURO AND PENWITH COLLEGE,
match:market_reg:accreditation,EAST SCITT,East Anglian Schools Trust,10058884,,3C6,accredited,5720,2024-08-01T00:00:00Z,,scitt,Main Road,Kesgrave,,Ipswich,,IP5 2PB,52.0671156,1.2446134,,"2026,2025,2024,2023,2022,2021,2020",2026,200004673873,52.0671156,1.2446134,updated,true,,,EAST ANGLIAN SCHOOLS TRUST LTD,FARLINGAYE HIGH SCHOOL (Academy Trust)
match:market_reg:accreditation,East Midlands Teacher Training Partnership,East Midlands Education Trust,10055367,,E31,accredited,5614,2024-08-01T00:00:00Z,,scitt,Loughborough Road,West Bridgford,,Nottingham,,NG2 7FA,52.919259,-1.139801,,"2026,2025,2024,2023,2022,2021,2020,2019",2026,3040010995,52.9191327,-1.1392074,original,true,,,EAST MIDLANDS EDUCATION TRUST,East Midlands Education Trust (Academy Trust)
match:market_reg:accreditation,Edge Hill University,Edge Hill University,10007823,133828,E42,accredited,1510,2024-08-01T00:00:00Z,,hei,St. Helens Road,,,Ormskirk,,L39 4QP,53.5596255,-2.8738368,,"2026,2025,2024,2023,2022,2021,2020,2019",2026,100012895088,53.5596255,-2.8738368,updated,true,,,EDGE HILL UNIVERSITY,
match:market_reg:accreditation,Educate Group Initial Teacher Training,Education Management Direct Limited,10035411,,E65,accredited,5587,2024-08-01T00:00:00Z,,scitt,Educate Group Initial Teacher Training,"Education Management Direct Ltd, Regus House","Herons Way, Chester Business Park,","Chester,",Cheshire,CH4 9QR,53.1600579,-2.9036414,,"2026,2025,2024,2023,2022,2021,2020,2019",2026,,53.1600579,-2.9036414,original,,,,EDUCATION MANAGEMENT DIRECT LIMITED,Educate Teacher Training
match:market_reg:accreditation,Embrace SCITT,The Sea View Trust,10062373,,4E5,accredited,5731,2023-08-01T00:00:00Z,,scitt,Clod Lane,Haslingden,,Rossendale,,BB4 6LR,53.69142,-2.311538,,"2026,2025,2024,2023",2026,100012543405,53.6914803,-2.3117987,original,true,,,TOR VIEW SCHOOL,
match:market_reg:accreditation,Exceed SCITT,Exceed Academies Trust,10064216,,2EY,accredited,5714,2024-08-01T00:00:00Z,,scitt,Rillington Mead,,,Bradford,,BD10 0EF,53.8251031,-1.7134663,,"2026,2025,2024,2023,2022,2021,2020,2019",2026,200004707689,53.8251031,-1.7134663,updated,true,,,EXCEED ACADEMIES TRUST,
match:market_reg:accreditation,Exchange Teacher Training,Delta Academies Trust,10055739,136343,1DU,accredited,5724,2024-08-01T00:00:00Z,,scitt,Education House,Spawd Bone Lane,,Knottingley,,WF11 0EP,53.7046213,-1.244632,,"2026,2025,2024,2023,2022,2021,2020,2019",2026,63191635,53.7046213,-1.244632,updated,true,provider__legal_name,organisation_name,DELTA ACADEMIES TRUST,Delta Academies Trust (Academy Trust)
match:market_reg:accreditation,Five Counties SCITT,Cabot Learning Federation,10058211,,2AV,accredited,5695,2024-08-01T00:00:00Z,,scitt,Russell Town Avenue,,,Bristol,,BS5 9JH,51.4593101,-2.5624489,,"2026,2025,2024,2023,2022,2021,2020,2019",2026,92110,51.4593101,-2.5624489,updated,true,,,CABOT LEARNING FEDERATION,CABOT LEARNING FEDERATION (Academy Trust)
match:market_reg:accreditation,Forest Independent Primary Collegiate SCITT,Hazelwood Schools,10046090,,F82,accredited,5517,2026-08-01T00:00:00Z,,scitt,Riddings Lane,"",,Harlow,,CM18 7HT,51.749489,0.112513,,"2026,2025,2024,2023,2022,2021,2020,2019",2026,100091625227,51.7489233,0.1137553,original,true,,,HAZELWOOD INFANT SCHOOL,Forest Independent Primary Collegiate
match:market_reg:accreditation,Future Teacher Training,Future Academies,10043978,,P58,accredited,5633,2024-08-01T00:00:00Z,,scitt,Lupus Street,,,London,,SW1V 3AT,51.4876655,-0.1363816,,"2026,2025,2024,2023,2022,2021,2020,2019",2026,10033620911,51.4876655,-0.1363816,updated,true,,,FUTURE ACADEMIES,
match:market_reg:accreditation,"GORSE SCITT (Leeds, Bradford, Hull and East Yorkshire)",GORSE Academies Trust,10055363,,1N1,accredited,5658,2024-08-01T00:00:00Z,,scitt,GORSE SCITT,Leeds Mathematic School,105 Albion Street,Leeds,West Yorkshire,LS1 5AS,53.7992515,-1.5452098,,"2026,2025,2024,2023,2022,2021,2020,2019",2026,,53.7992515,-1.5452098,original,,,,THE GORSE ACADEMIES TRUST,The GORSE Academies Trust (Academy Trust)GORSE SCITT
match:market_reg:accreditation,George Spencer Academy SCITT,The Spencer Academies Trust,10058352,,1HR,accredited,5595,2024-08-01T00:00:00Z,,scitt,Arthur Mee Road,Stapleford,,Nottingham,,NG9 7EW,52.920921,-1.267264,,"2026,2025,2024,2023,2022,2021,2020,2019",2026,200004026953,52.9209512,-1.2676247,original,true,,,THE SPENCER ACADEMIES TRUST,THE SPENCER ACADEMIES TRUST (Academy Trust)
match:market_reg:accreditation,Gloucestershire Initial Teacher Education Partnership (GITEP),The Balcarras Trust,10058482,,G48,accredited,5518,2024-08-01T00:00:00Z,,scitt,East End Road,Charlton Kings,,Cheltenham,,GL53 8QF,51.8814114,-2.0436998,,"2026,2025,2024,2023,2022,2021,2020,2019",2026,100121234951,51.8814114,-2.0436998,updated,true,,,THE BALCARRAS TRUST,THE BALCARRAS TRUST (Academy Trust)
match:market_reg:accreditation,"Goldsmiths, University of London","Goldsmiths, University of London",10002718,,G56,accredited,1511,2024-08-01T00:00:00Z,,hei,Goldsmiths College,"8, Lewisham Way",,London,,SE14 6NW,51.474271,-0.035408,,"2026,2025,2024,2023,2022,2021,2020,2019",2026,100023238053,51.474271,-0.035408,updated,true,,,GOLDSMITHS' COLLEGE,"Goldsmiths, University of LondonSouth East London Teaching Partnership"
match:market_reg:accreditation,Haybridge SCITT,Four Stones Gateway Trust,10034167,,2B3,accredited,5701,2024-08-01T00:00:00Z,,scitt,Brake Lane,Hagley,,Stourbridge,,DY8 2XS,52.424113,-2.149325,,"2026,2025,2024,2023,2022,2021,2020,2019",2026,100121267091,52.4237064,-2.1499859,original,true,,,HAYBRIDGE HIGH SCHOOL AND SIXTH FORM,
match:market_reg:accreditation,Huddersfield Horizon SCITT,South Pennine Academies,10058690,,2EX,accredited,5713,2024-08-01T00:00:00Z,,scitt,Huddersfield Horizon SCITT (South Pennine Academies),The Gateway,Lowfields Close,"Elland, Halifax",West Yorkshire,HX5 9DX,53.6917098,-1.8288964,,"2026,2025,2024,2023,2022,2021,2020,2019",2026,,53.6917098,-1.8288964,original,,,,SOUTH PENNINE ACADEMIES,SOUTH PENNINE ACADEMIES (Academy Trust)
match:market_reg:accreditation,Inspiring Future Teachers,HISP Multi Academy Trust,10058640,,3Y3,accredited,5738,2023-08-01T00:00:00Z,,scitt,Winchester Road,Chandler's Ford,,Eastleigh,,SO53 2DW,50.994498,-1.362961,,"2026,2025,2024,2023",2026,10009591744,50.9953445,-1.3633755,original,true,,,HISP MULTI ACADEMY TRUST LTD,HISP MULTI ACADEMY TRUST LTD (Academy Trust)
match:market_reg:accreditation,Keele and North Staffordshire Teacher Education,Shaw Education Trust,10060817,,24J,accredited,5653,2024-08-01T00:00:00Z,,scitt,Gloucester Road,Kidsgrove,,Stoke On Trent,,ST7 4DL,53.0943623,-2.2328203,,"2026,2025,2024,2023,2022,2021,2020,2019",2026,100031748922,53.0943623,-2.2328203,updated,true,,,THE SHAW EDUCATION TRUST,THE SHAW EDUCATION TRUST (Academy Trust)
match:market_reg:accreditation,King Edward's Consortium,King Edward VI Academy Trust Birmingham,10065300,,K50,accredited,5591,2024-08-01T00:00:00Z,,scitt,Vicarage Road,Kings Heath,,Birmingham,,B14 7QJ,52.4309751,-1.9027397,,"2026,2025,2024,2023,2022,2021,2020,2019",2026,100071570764,52.4309751,-1.9027397,updated,true,,,KING EDWARD VI ACADEMY TRUST BIRMINGHAM,KING EDWARD VI ACADEMY TRUST BIRMINGHAM (Academy Trust)
match:market_reg:accreditation,King's College London (University of London),King's College London,10003645,,K60,accredited,1515,2024-08-01T00:00:00Z,,hei,Admissions and Registry Services,King's College London,Bush House â North West Wing,30 Aldwych,London,WC2B 4BG,51.5119411,-0.1164779,,"2026,2025,2024,2023,2022,2021,2020,2019",2026,,51.5119411,-0.1164779,original,,,,KING'S COLLEGE LONDON,
match:market_reg:accreditation,Kingsbridge EIP SCITT,Achievement Through Collaboration Trust,10054033,,1S2,accredited,5616,2024-08-01T00:00:00Z,,scitt,Kingsbridge Teacher Training,"Units 11&12, South Preston Office Village",Cuerden Way,Bamber Bridge,,PR5 6BL,53.7223382,-2.6701193,,"2026,2025,2024,2023,2022,2021,2020,2019",2026,,53.7223382,-2.6701193,original,,,,COMMUNITY FIRST ACADEMY TRUST,Kingsbridge EIP SCITTCOMMUNITY FIRST ACADEMY TRUST (Academy Trust)
match:market_reg:accreditation,Kingston University,Kingston University Higher Education Corporation,10003678,,K84,accredited,1516,2024-08-01T00:00:00Z,,hei,Kingston Hill Campus,Kingston Hill,"",Kingston-upon-Thames,"",KT2 7LB,,,,"2026,2025,2024,2023,2022,2021,2020,2019",2026,,51.4292831,-0.2648285,original,true,,,KINGSTON UNIVERSITY,
match:market_reg:accreditation,Leeds Beckett University,Leeds Beckett University,10003861,,L27,accredited,1517,2024-08-01T00:00:00Z,,hei,Admissions Team,Leeds Beckett University,Headingley Campus,Leeds,,LS1 3QW,53.8035274,-1.5480355,,"2026,2025,2024,2023,2022,2021,2020,2019",2026,,53.8035274,-1.5480355,original,,,,LEEDS BECKETT UNIVERSITY,
match:market_reg:accreditation,Leeds Trinity University,Leeds Trinity University,10003863,133838,L24,accredited,1532,2024-08-01T00:00:00Z,,hei,Brownberrie Lane,Horsforth,,Leeds,,LS18 5HD,53.8481606,-1.6459213,,"2026,2025,2024,2023,2022,2021,2020,2019",2026,72529629,53.8481606,-1.6459213,updated,true,,,LEEDS TRINITY UNIVERSITY,
match:market_reg:accreditation,Leicester & Leicestershire SCITT,The Mead Educational Trust,10055113,,L33,accredited,5584,2024-08-01T00:00:00Z,,scitt,"343, Gipsy Lane",,,Leicester,,LE4 9DD,52.6523312,-1.098353,,"2026,2025,2024,2023,2022,2021,2020,2019",2026,2465174930,52.6523312,-1.098353,updated,true,provider__legal_name,organisation_name,THE MEAD EDUCATIONAL TRUST,THE MEAD EDUCATIONAL TRUST (Academy Trust)
match:market_reg:accreditation,Lincoln Bishop University,Lincoln Bishop University,10007811,133835,B38,accredited,1503,2024-08-01T00:00:00Z,,hei,Longdales Road,,,Lincoln,,LN1 3DY,53.2435632,-0.537139,,"2026,2025,2024,2023,2022,2021,2020,2019",2026,235029019,53.2435632,-0.537139,updated,true,,,LINCOLN BISHOP UNIVERSITY,
match:market_reg:accreditation,Lincolnshire ITT,The Priory Federation of Academies Trust,10058228,,25G,accredited,5676,2024-08-01T00:00:00Z,,scitt,c/o The Priory Federation of Academies,Clayton Road,,Lincoln,Lincolnshire,LN5 8RE,53.2080394,-0.5435579,,"2026,2025,2024,2023,2022,2021,2020,2019",2026,,53.2080394,-0.5435579,original,,,,THE PRIORY FEDERATION OF ACADEMIES,THE PRIORY FEDERATION OF ACADEMIES (Academy Trust)
match:market_reg:accreditation,Liverpool Hope University,Liverpool Hope University,10003956,133826,L46,accredited,1518,2024-08-01T00:00:00Z,,hei,Hope Park,Taggart Avenue,,Liverpool,,L16 9JD,53.3908007,-2.8922988,,"2026,2025,2024,2023,2022,2021,2020,2019",2026,38148665,53.3908007,-2.8922988,updated,true,,,LIVERPOOL HOPE UNIVERSITY,
match:market_reg:accreditation,London East Teacher Training Alliance,The LETTA Trust,10064599,144236,133,accredited,5663,2024-08-01T00:00:00Z,,scitt,"LETTA, Second Floor, St. Paul's Way Community Centre",83 St Paul's Way,,London,,E3 4AJ,51.518104,-0.0270085,,"2026,2025,2024,2023,2022,2021,2020,2019",2026,,51.518104,-0.0270085,original,,,,THE LETTA TRUST,LETTA Teaching School AllianceLETTA School Direct Ltd.LETTA
match:market_reg:accreditation,London Metropolitan University,London Metropolitan University,10004048,133816,L68,accredited,1520,2024-08-01T00:00:00Z,,hei,166 220,Holloway Road,,London,,N7 8DB,51.5516422,-0.1105435,,"2026,2025,2024,2023,2022,2021,2020,2019",2026,5300047823,51.5516422,-0.1105435,updated,true,,,LONDON METROPOLITAN UNIVERSITY,
match:market_reg:accreditation,London School of Jewish Studies (LSJS),London School of Jewish Studies,10029147,,28T,accredited,5501,2024-08-01T00:00:00Z,,scitt,Schaller House 44 A,Albert Road,,London,,NW4 2SJ,51.5882002,-0.2137078,,"2026,2025,2024,2023,2022,2021,2020,2019",2026,200219174,51.5882002,-0.2137078,updated,true,,,THE LONDON SCHOOL OF JEWISH STUDIES,
match:market_reg:accreditation,Loughborough University,Loughborough University,10004113,133834,L79,accredited,1521,2024-08-01T00:00:00Z,,hei,Loughborough University,"","",Loughborough,"",LE11 3TU,52.764851,-1.22951,,"2026,2025,2024,2023,2022,2021,2020,2019",2026,,52.764828,-1.2295195,original,true,,,LOUGHBOROUGH UNIVERSITY,
match:market_reg:accreditation,Manchester Metropolitan University,Manchester Metropolitan University,10004180,133844,M40,accredited,1522,2024-08-01T00:00:00Z,,hei,"Brooks Building, Birley Fields Campus","53, Bonsall Street",,Manchester,,M15 6GX,53.4666748,-2.2465299,,"2026,2025,2024,2023,2022,2021,2020,2019",2026,10091144903,53.4666748,-2.2465299,updated,true,,,MANCHESTER METROPOLITAN UNIVERSITY,
match:market_reg:accreditation,Manchester Nexus SCITT,The Cranmer Education Trust,10058966,,2EU,accredited,5710,2024-08-01T00:00:00Z,,scitt,Egerton Street,,,Oldham,,OL1 3SQ,53.5447178,-2.10836,,"2026,2025,2024,2023,2022,2021,2020,2019",2026,100012727743,53.5447178,-2.10836,updated,true,,,CRANMER EDUCATION TRUST,CRANMER EDUCATION TRUST (Academy Trust)Manchester Nexus SCITT
match:market_reg:accreditation,Mid Essex Initial Teacher Training,Bridge Academy Trust,10058864,,M82,accredited,5524,2024-08-01T00:00:00Z,,scitt,Notley Road,"",,Braintree,,CM7 1WY,51.866065,0.550056,,"2026,2025,2024,2023,2022,2021,2020,2019",2026,100091451479,51.865992,0.550046,original,true,,,BRIDGE ACADEMY TRUST,Bridge Academy Trust (Academy Trust)
match:market_reg:accreditation,Middlesex University,Middlesex University,10004351,,M80,accredited,1571,2024-08-01T00:00:00Z,,hei,The Burroughs,,,London,,NW4 4BT,51.5901102,-0.228922,,"2026,2025,2024,2023,2022,2021,2020,2019",2026,200114148,51.5901102,-0.228922,updated,true,,,MIDDLESEX UNIVERSITY,
match:market_reg:accreditation,Mulberry College of Teaching,Mulberry Schools Trust,10064234,,5V5,accredited,5727,2024-08-01T00:00:00Z,,scitt,Mulberry School,Richard Street,,London,,E1 2JP,51.514272,-0.059807,,"2026,2025,2024,2023",2026,6014338,51.5143048,-0.0602516,original,true,,,MULBERRY SCHOOLS TRUST,Mulberry Schools Trust (Academy Trust)
match:market_reg:accreditation,NE SCITT,North East Learning Trust,10052835,136451,L06,accredited,5609,2026-08-01T00:00:00Z,,scitt,Passfield Way,,,Peterlee,,SR8 1AU,54.749467,-1.353687,,"2026,2025,2024,2023,2022,2021,2020,2019",2026,100110772361,54.749467,-1.353687,updated,true,,,NORTH EAST LEARNING TRUST,North East Learning Trust (Academy Trust)
match:market_reg:accreditation,"NITE: National Institute of Teaching & Education, part of Coventry University Group",Coventry University,10001726,,C85,accredited,1585,2024-08-01T00:00:00Z,,hei,Fleming House,Seebeck Place,Knowlhill,Milton Keynes,,MK5 8FR,52.0258176,-0.7733823,,"2026,2025,2024,2023,2022,2021,2020",2026,25120000,52.0258176,-0.7733823,updated,true,provider__legal_name,organisation_name,COVENTRY UNIVERSITY,
match:market_reg:accreditation,National Specialist SCITTs,Chorus Education Trust,10060171,,2F1,accredited,5716,2024-08-01T00:00:00Z,,scitt,Bents Crescent,"",,Sheffield,,S11 9QH,53.351204,-1.529031,,"2026,2025,2024,2023,2022,2021,2020,2019",2026,10024195116,53.3509736,-1.5285217,original,true,,,CHORUS EDUCATION TRUST,CHORUS EDUCATION TRUST (Academy Trust)National Specialist SCITTsNML SCITTNMAP SCITTSouth Yorkshire Teaching HubSheffield Teacher Training Alliance
match:market_reg:accreditation,Norfolk Teacher Training Centre,City College Norwich,10004772,,N43,accredited,5627,2024-08-01T00:00:00Z,,scitt,"5, Ipswich Road",,,Norwich,,NR2 2LJ,52.6176581,1.2853557,,"2026,2025,2024,2023,2022,2021,2020,2019",2026,200004362909,52.6176581,1.2853557,updated,true,,,CITY COLLEGE NORWICH,
match:market_reg:accreditation,"Norfolk, Essex and Suffolk Teacher Training (NESTT)",Suffolk County Council,10006399,,S14,accredited,5541,2024-08-01T00:00:00Z,,scitt,120 Star Lane,,,Ipswich,Suffolk,IP4 1JN,52.0537304,1.1624869,,"2026,2025,2024,2023,2022,2021,2020,2019",2026,,52.0537304,1.1624869,original,,,,SUFFOLK COUNTY COUNCIL,Suffolk and Norfolk SCITT
match:market_reg:accreditation,North Lincolnshire SCITT Partnership,North Lincolnshire Council,10004694,,N66,accredited,5590,2024-08-01T00:00:00Z,,scitt,Grammar School Road,,,Brigg,,DN20 8AA,53.5543858,-0.4895621,,"2026,2025,2024,2023,2022,2021,2020,2019",2026,100051972594,53.5543858,-0.4895621,updated,true,address__address_line_1,organisation_name,NORTH LINCOLNSHIRE COUNCIL,
match:market_reg:accreditation,North Tyneside SCITT,Pele Trust,10004714,,N73,accredited,5567,2024-08-01T00:00:00Z,,scitt,North Tyneside Council,Quadrant,"The Silverlink North, Cobalt Business Park",North Tyneside,Tyne and Wear,NE27 0BY,55.025416,-1.511448,,"2026,2025,2024,2023,2022,2021,2020,2019",2026,,54.9880413,-1.5298788,original,true,,,NORTH TYNESIDE METROPOLITAN BOROUGH COUNCIL,North Tyneside Adult Learning Service
match:market_reg:accreditation,Northampton Teacher Training Partnership,Northampton School for Boys,10031382,,N42,accredited,5527,2024-08-01T00:00:00Z,,scitt,Billing Road,,,Northampton,,NN1 5RT,52.239253,-0.8666106,,"2026,2025,2024,2023,2022,2021,2020,2019",2026,15028789,52.239253,-0.8666106,updated,true,,,NORTHAMPTON SCHOOL FOR BOYS,
match:market_reg:accreditation,Nottingham Trent University,Nottingham Trent University,10004797,,N91,accredited,1524,2024-08-01T00:00:00Z,,hei,"48, Shakespeare Street",,,Nottingham,,NG1 4FQ,52.9580712,-1.1540226,missing address__town_or_city,"2026,2025,2024,2023,2022,2021,2020,2019",2026,200001392481,52.9580712,-1.1540226,updated,true,provider__legal_name,organisation_name,NOTTINGHAM TRENT UNIVERSITY,
match:market_reg:accreditation,Nottinghamshire TORCH SCITT,Nova Education Trust,10055362,,254,accredited,5662,2024-08-01T00:00:00Z,,scitt,The Banks,Bingham,"",Nottingham,"",NG13 8BL,52.949833,-0.955768,,"2026,2025,2024,2023,2022,2021,2020,2019",2026,,52.9520961,-1.18617,original,true,,,NOVA EDUCATION TRUST,Nova Education Trust (Academy Trust)
match:market_reg:accreditation,OTT SCITT,River Learning Trust,10059630,,24T,accredited,5669,2023-08-01T00:00:00Z,,scitt,Marston Ferry Road,"",,Oxford,,OX2 7EE,51.775616,-1.258212,,"2026,2025,2024,2023,2022,2021,2020,2019",2026,100121296851,51.7757449,-1.2586363,original,true,,,RIVER LEARNING TRUST,RIVER LEARNING TRUST (Academy Trust)
match:market_reg:accreditation,One Cumbria Teaching School Hub,Changing Lives Learning Trust,10058240,135632,1A3,accredited,5732,2024-08-01T00:00:00Z,,scitt,Ullswater Road,,,Penrith,,CA11 7EG,54.6594658,-2.7581964,,"2026,2025,2024,2023,2021,2020,2019",2026,100110729240,54.6594658,-2.7581964,updated,true,,,CHANGING LIVES LEARNING TRUST,CHANGING LIVES LEARNING TRUST (Academy Trust)
match:market_reg:accreditation,Oxford Brookes University,Oxford Brookes University,10004930,133864,O66,accredited,1526,2024-08-01T00:00:00Z,,hei,Gipsy Lane,Headington,,Oxford,,OX3 0BP,51.755011,-1.224225,,"2026,2025,2024,2023,2022,2021,2020,2019",2026,100121297433,51.755011,-1.224225,updated,true,,,OXFORD BROOKES UNIVERSITY,
match:market_reg:accreditation,Oxford University,University of Oxford,10007774,,O33,accredited,1556,2024-08-01T00:00:00Z,,hei,"15, Norham Gardens",,,Oxford,,OX2 6PY,51.7636662,-1.2555731,,"2026,2025,2024,2023,2022,2021,2020,2019",2026,10092071739,51.7636662,-1.2555731,updated,true,,,UNIVERSITY OF OXFORD,Oxford University
match:market_reg:accreditation,Partnership London SCITT (PLS),Partnership Learning,10053276,,2B1,accredited,5699,2024-08-01T00:00:00Z,,scitt,Parsloes Avenue,,,Dagenham,,RM9 5QT,51.5486077,0.1340839,,"2026,2025,2024,2023,2022,2021,2020,2019",2026,100090979,51.5486077,0.1340839,updated,true,,,PARTNERSHIP LEARNING,Partnership Learning
match:market_reg:accreditation,Pioneers Partnership SCITT,Great Academies Education Trust,10058215,,1Z8,accredited,5678,2024-08-01T00:00:00Z,,scitt,Pioneers Partnership SCITT,"c/o GAA, Broadoak Road",,Ashton-Under-Lyne,Greater Manchester,OL6 8RF,53.5049514,-2.0834187,,"2026,2025,2024,2023,2022,2021,2020,2019",2026,,53.5049514,-2.0834187,original,,,,GREAT ACADEMIES EDUCATION TRUST,Great Academies Education Trust (Academy Trust)
match:market_reg:accreditation,Plymouth Marjon University,University of St Mark and St John,10037449,,P63,accredited,1508,2024-08-01T00:00:00Z,,hei,Derriford Road,Derriford,,Plymouth,,PL6 8BH,50.4197618,-4.1104325,,"2026,2025,2024,2023,2022,2021,2020,2019",2026,100041063944,50.4197618,-4.1104325,updated,true,,,UNIVERSITY OF ST MARK & ST JOHN,Plymouth Marjon University
match:market_reg:accreditation,Poole SCITT,TEACH Poole,10057353,,P75,accredited,5505,2024-08-01T00:00:00Z,,scitt,Sherborn Crescent,,,Poole,,BH17 8AP,50.7497638,-1.9652852,,"2026,2025,2024,2023,2022,2021,2020,2019",2026,100041095582,50.7497638,-1.9652852,updated,true,address__address_line_1,organisation_name,TEACH POOLE,TEACH Poole (Academy Trust)
match:market_reg:accreditation,Portsmouth SCITT,University of Chichester Academy Trust,10042780,,P82,accredited,5532,2024-08-01T00:00:00Z,,scitt,Tipner Road,,,Portsmouth,,PO2 8QH,50.8223528,-1.0874509,,"2026,2025,2024,2023,2022,2021,2020,2019",2026,1775079431,50.8223528,-1.0874509,updated,true,,,UNIVERSITY OF CHICHESTER (MULTI) ACADEMY TRUST,Portsmouth SCITT
match:market_reg:accreditation,Prestolee SCITT,Prestolee Multi Academy Trust,10055218,,2AS,accredited,5685,2024-08-01T00:00:00Z,,scitt,Church Road,Radcliffe,,Manchester,,M26 1HJ,53.548445,-2.370915,,"2026,2025,2024,2023,2022,2021,2020,2019",2026,100012690669,53.5483669,-2.3708645,original,true,,,PRESTOLEE MULTI ACADEMY TRUST,Prestolee SCITTPrestolee Multi Academy Trust (Academy Trust)
match:market_reg:accreditation,Primary Catholic Partnership SCITT (PCP SCITT),Holy Family Catholic Primary School,10045987,,P85,accredited,5533,2024-08-01T00:00:00Z,,scitt,Mansel Road West,,,Southampton,,SO16 9LP,50.9321675,-1.4669876,,"2026,2025,2024,2023,2022,2021,2020,2019",2026,100062511107,50.9321675,-1.4669876,updated,true,provider__legal_name,organisation_name,HOLY FAMILY CATHOLIC PRIMARY SCHOOL - PART OF THE LEARNING FEDERATION PARTNERSHIP OF SCHOOLS,Primary Catholic Partnership SCITT
match:market_reg:accreditation,Prince Henry's and South Worcestershire SCITT,Worcestershire Hills Trust,10032987,,2ET,accredited,5711,2026-08-01T00:00:00Z,,scitt,Victoria Avenue,,,Evesham,,WR11 4QH,52.098898,-1.9416189,,"2026,2025,2024,2023,2022,2021,2020,2019",2026,100121278274,52.098898,-1.9416189,updated,true,,,PRINCE HENRY'S HIGH SCHOOL,
match:market_reg:accreditation,REAch Teach Primary Partnership,REAch2 Academy Trust,10060390,100706,1QU,accredited,5729,2024-08-01T00:00:00Z,,scitt,Henhurst Ridge,,,Burton On Trent,,DE13 9TQ,52.8140281,-1.6371359,,"2026,2025,2024,2023,2022,2021,2020,2019",2026,10094374604,52.8140281,-1.6371359,updated,true,address__address_line_1,organisation_name,REACH2 ACADEMY TRUST,REACH2 ACADEMY TRUST (Academy Trust)
match:market_reg:accreditation,Red Kite Teacher Training,Red Kite Learning Trust,10054307,,2B9,accredited,5706,2024-08-01T00:00:00Z,,scitt,Red Kite Learning Trust,Pannal Ash Road,,Harrogate,North Yorkshire,HG2 9PH,53.9780284,-1.5521188,,"2026,2025,2024,2023,2022,2021,2020,2019",2026,,53.9780284,-1.5521188,original,,,,RED KITE LEARNING TRUST,Red Kite Learning Trust (Academy Trust)
match:market_reg:accreditation,Ripley ITT,The Bay Learning Trust,10058677,,R23,accredited,5648,2024-08-01T00:00:00Z,,scitt,Ashton Road,,,Lancaster,,LA1 4RS,54.0390665,-2.8007533,,"2026,2025,2024,2023,2022,2021,2020,2019",2026,10009273129,54.0390665,-2.8007533,updated,true,,,THE BAY LEARNING TRUST,THE BAY LEARNING TRUST (Academy Trust)
match:market_reg:accreditation,SCITT in East London Schools (SCITTELS),Colegrave Primary School,10046003,,S17,accredited,5535,2024-08-01T00:00:00Z,,scitt,Henniker Road,,,London,,E15 1JY,51.548543,0.001612,,"2026,2025,2024,2023,2022,2021,2020,2019",2026,10009001075,51.548543,0.001612,updated,true,provider__legal_name,organisation_name,COLEGRAVE PRIMARY SCHOOL,School Centred Initial Teacher Training in East London Schools (SCITTELS)
match:market_reg:accreditation,Sacred Heart Newcastle SCITT,Bishop Bewick Catholic Education Trust,10059424,,2BA,accredited,5705,2024-08-01T00:00:00Z,,scitt,Fenham Hall Drive,"",,Newcastle Upon Tyne,,NE4 9YH,54.98211,-1.659149,,"2026,2025,2024,2023,2022,2021,2020,2019",2026,4510138208,54.9836554,-1.6572924,original,true,,,BISHOP BEWICK CATHOLIC EDUCATION TRUST,BISHOP BEWICK CATHOLIC EDUCATION TRUST (Academy Trust)
match:market_reg:accreditation,Somerset SCITT Consortium,Somerset Council,10005959,,S31,accredited,5538,2024-08-01T00:00:00Z,,scitt,Broughton House,Blackbrook Park Avenue,,Taunton,,TA1 2PX,51.0139743,-3.0692804,,"2026,2025,2024,2023,2022,2021,2020,2019",2026,10002704744,51.0139743,-3.0692804,updated,true,address__address_line_1,address_line_1,SOMERSET COUNCIL,Somerset Council
match:market_reg:accreditation,South Birmingham SCITT,Summit Learning Trust,10058342,,N32,accredited,5611,2024-08-01T00:00:00Z,,scitt,Widney Manor Road,,,Solihull,,B91 3WR,52.4057217,-1.7728004,,"2026,2025,2024,2023,2022,2021,2020,2019",2026,100071580044,52.4057217,-1.7728004,updated,true,,,SUMMIT LEARNING TRUST,SUMMIT LEARNING TRUST (Academy Trust)
match:market_reg:accreditation,"St Mary's University, Twickenham",St Mary's University,10007843,133895,S64,accredited,1530,2024-08-01T00:00:00Z,,hei,Waldegrave Road,,,Twickenham,,TW1 4SX,51.4362989,-0.3345,,"2026,2025,2024,2023,2022,2021,2020,2019",2026,100023392499,51.4362989,-0.3345,updated,true,,,"ST MARY'S UNIVERSITY, TWICKENHAM",
match:market_reg:accreditation,Stockton SCITT,Stockton-On-Tees Borough Council,10006337,,S60,accredited,5607,2024-08-01T00:00:00Z,,scitt,Bishopton Road West,"",,Stockton On Tees,,TS19 0QD,54.570432,-1.34111,,"2026,2025,2024,2023,2022,2021,2020,2019",2026,100110781512,54.5705265,-1.3421895,original,true,,,STOCKTON-ON-TEES BOROUGH COUNCIL,
match:market_reg:accreditation,Stourport SCITT,Severn Academies Educational Trust,10058732,,S95,accredited,5634,2024-08-01T00:00:00Z,,scitt,Minster Road,,,Stourport On Severn,,DY13 8AX,52.3596058,-2.2714492,,"2026,2025,2024,2023,2022,2021,2020,2019",2026,100121348140,52.3596058,-2.2714492,updated,true,,,SEVERN ACADEMIES EDUCATIONAL TRUST,Severn Academies Educational Trust (Academy Trust)
match:market_reg:accreditation,Surrey South Farnham SCITT,South Farnham Educational Trust,10054050,,13S,accredited,5579,2024-08-01T00:00:00Z,,scitt,Menin Way,"",,Farnham,,GU9 8DY,51.209917,-0.784989,missing address__town_or_city,"2026,2025,2024,2023,2022,2021,2020,2019",2026,200001532820,51.2093722,-0.7859651,original,true,,,SOUTH FARNHAM EDUCATIONAL TRUST,
match:market_reg:accreditation,TKAT SCITT,The Kemnal Academies Trust,10058343,,K13,accredited,5578,2024-08-01T00:00:00Z,,scitt,Sevenoaks Way,,,Sidcup,,DA14 5AA,51.4120189,0.1104716,,"2026,2025,2024,2023,2022,2021,2020,2019",2026,100023528723,51.4120189,0.1104716,updated,true,,,THE KEMNAL ACADEMIES TRUST1,THE KEMNAL ACADEMIES TRUST (Academy Trust)
match:market_reg:accreditation,Teach East,Four Cs MAT,10058314,,T11,accredited,5631,2026-08-01T00:00:00Z,,scitt,Helpston Road,Glinton,,Peterborough,,PE6 7JX,52.638215,-0.303794,,"2026,2025,2024,2023,2022,2021,2020,2019",2026,100091534869,52.638215,-0.303794,updated,true,,,FOUR CS MAT,FOUR CS MAT (Academy Trust)
match:market_reg:accreditation,Teach First,Teach First,10024318,,1TF,accredited,5719,2024-08-01T00:00:00Z,,scitt,"6, Mitre Passage",,,London,,SE10 0ER,51.5008867,0.0071383,,"2026,2025,2024,2023,2022,2021,2020,2019",2026,10010251442,51.5008867,0.0071383,updated,true,provider__legal_name,organisation_name,TEACH FIRST,
match:market_reg:accreditation,Teach West London Teaching School Hub,Twyford CofE Academies Trust,10035500,101933,1KV,accredited,5737,2024-08-01T00:00:00Z,,scitt,c/o Ada Lovelace High School,Park View Road,,Ealing,London,W5 2JX,51.5194608,-0.2953351,,"2026,2025,2024,2023,2022,2021,2020,2019",2026,,51.5194608,-0.2953351,original,,,,TWYFORD CHURCH OF ENGLAND HIGH SCHOOL,
match:market_reg:accreditation,Teaching London: LDBS SCITT,"Christ Church Primary School, Hampstead",10074742,,L59,accredited,5523,2024-08-01T00:00:00Z,,scitt,"2, West End Lane",,,London,,NW6 4NT,51.5385252,-0.19312,,"2026,2025,2024,2023,2022,2021,2020,2019",2026,5006260,51.5385252,-0.19312,updated,true,,,"CHRIST CHURCH PRIMARY SCHOOL, HAMPSTEAD",
match:market_reg:accreditation,Ted Wragg Teacher Training Partnership,Ted Wragg Multi Academy Trust,10060466,,S66,accredited,5540,2024-08-01T00:00:00Z,,scitt,Hatherleigh Road,,,Exeter,,EX2 9JU,50.754748,-3.399884,,"2026,2025,2024,2023,2022,2021,2020,2019",2026,10023117306,50.754748,-3.399884,updated,true,,,THE TED WRAGG MULTI ACADEMY TRUST,THE TED WRAGG MULTI ACADEMY TRUST (Academy Trust)
match:market_reg:accreditation,Teesside University,Teesside University,10007161,,3S1,accredited,1587,2024-08-01T00:00:00Z,,hei,Digital Life,Southfield Road,,Middlesbrough,,TS1 3BX,54.5706753,-1.2352671,,"2026,2025,2024,2023,2022,2021",2026,10096378720,54.5706753,-1.2352671,updated,true,provider__legal_name,organisation_name,TEESSIDE UNIVERSITY,
match:market_reg:accreditation,Tes Institute,Tes Institute Limited,10035578,,H40,accredited,5708,2024-08-01T00:00:00Z,,scitt,"Tes Global, St Paul's Place,","Norfolk Street, Sheffield,",,Sheffield,,S1 2JE,53.378727,-1.4696371,,"2026,2025,2024,2023,2022,2021,2020,2019",2026,,53.378727,-1.4696371,original,,,,TES INSTITUTE LIMITED,Tes Institute
match:market_reg:accreditation,The Coventry SCITT,Sidney Stringer Multi Academy Trust,10058243,,2A7,accredited,5691,2024-08-01T00:00:00Z,,scitt,"2, Primrose Hill Street",,,Coventry,,CV1 5LY,52.4126327,-1.5028245,,"2026,2025,2024,2023,2022,2021,2020,2019",2026,10091717090,52.4126327,-1.5028245,updated,true,address__address_line_1,organisation_name,SIDNEY STRINGER MULTI ACADEMY TRUST,SIDNEY STRINGER MULTI ACADEMY TRUST (Academy Trust)
match:market_reg:accreditation,The Grand Union Training Partnership,Tove Learning Trust,10058513,,G60,accredited,5519,2024-08-01T00:00:00Z,,scitt,Brackley Road,,,Towcester,,NN12 6DJ,52.1321477,-0.9931005,,"2026,2025,2024,2023,2022,2021,2020,2019",2026,100032140373,52.1321477,-0.9931005,updated,true,address__address_line_1,organisation_name,TOVE LEARNING TRUST,TOVE LEARNING TRUST (Academy Trust)
match:market_reg:accreditation,The John Taylor SCITT,The John Taylor MAT,10057362,,24V,accredited,5667,2024-08-01T00:00:00Z,,scitt,Barton Under Needwood Youth Centre,Dunstall Road,,Burton On Trent,,DE13 8AX,52.76514,-1.721216,,"2026,2025,2024,2023,2022,2021,2020,2019",2026,100032002574,52.7663273,-1.7182887,original,true,,,JOHN TAYLOR MAT,John Taylor MAT (Academy Trust)
match:market_reg:accreditation,The Royal Borough of Windsor and Maidenhead SCITT,The Royal Borough of Windsor & Maidenhead,10005550,,1WM,accredited,5629,2024-08-01T00:00:00Z,,scitt,Town Hall,St. Ives Road,,Maidenhead,,SL6 1RF,51.5223866,-0.7185167,,"2026,2025,2024,2023,2022,2021,2020,2019",2026,10012321791,51.5223866,-0.7185167,updated,true,,,ROYAL BOROUGH OF WINDSOR AND MAIDENHEAD,
match:market_reg:accreditation,The Sheffield SCITT,St Clare Catholic Multi Academy Trust,10037587,,S97,accredited,5647,2024-08-01T00:00:00Z,,scitt,Oakbrook,Fulwood Road,,Sheffield,,S10 3BT,53.3719804,-1.5195327,,"2026,2025,2024,2023,2022,2021,2020,2019",2026,100052082782,53.3719804,-1.5195327,updated,true,,,NOTRE DAME HIGH SCHOOL,The Sheffield SCITT
match:market_reg:accreditation,"UCL, University College London",University College London (UCL),10007784,,U80,accredited,1584,2024-08-01T00:00:00Z,,hei,Gower Street,,,London,,WC1E 6BT,51.5245592,-0.1340401,,"2026,2025,2024,2023,2022,2021,2020,2019",2026,5148596,51.5245592,-0.1340401,updated,true,,,UNIVERSITY COLLEGE LONDON,UCL
match:market_reg:accreditation,United Teaching National SCITT,United Learning Trust,10037395,130912,1A9,accredited,5674,2024-08-01T00:00:00Z,,scitt,"50, Marylands Road",,,London,,W9 2DR,51.525067,-0.193389,,"2026,2025,2024,2023,2022,2021,2020,2019",2026,10033579226,51.5252497,-0.1937846,original,true,,,UNITED LEARNING TRUST,
match:market_reg:accreditation,University Centre Farnborough,Farnborough College of Technology,10002412,,2F3,accredited,5725,2023-08-01T00:00:00Z,,scitt,Civic Offices,Harlington Way,,Fleet,,GU51 4AE,51.279731,-0.8464588,,"2026,2025,2024,2023,2021,2020,2019",2026,200001014946,51.279731,-0.8464588,updated,true,,,FARNBOROUGH COLLEGE OF TECHNOLOGY,
match:market_reg:accreditation,University of Bedfordshire,University of Bedfordshire,10007152,,B22,accredited,1582,2024-08-01T00:00:00Z,,hei,Polhill Avenue,,,Bedford,,MK41 9EA,52.1414835,-0.4430177,,"2026,2025,2024,2023,2022,2021,2020,2019",2026,100080996541,52.1414835,-0.4430177,updated,true,,,UNIVERSITY OF BEDFORDSHIRE,
match:market_reg:accreditation,University of Birmingham,University of Birmingham,10006840,133784,B32,accredited,1537,2024-08-01T00:00:00Z,,hei,Admissions,University of Brimingham,Edgbaston,Birmingham,"",B15 2TT,52.453282,-1.927894,,"2026,2025,2024,2023,2022,2021,2020,2019",2026,,52.4492736,-1.930777,original,true,,,THE UNIVERSITY OF BIRMINGHAM,University of Birmingham
match:market_reg:accreditation,University of Brighton,University of Brighton,10000886,133796,B72,accredited,1538,2024-08-01T00:00:00Z,,hei,Mithras House,Lewes Road,,Brighton,,BN2 4AT,50.8420449,-0.1198916,,"2026,2025,2024,2023,2022,2021,2020,2019",2026,22172881,50.8420449,-0.1198916,updated,true,,,UNIVERSITY OF BRIGHTON,
match:market_reg:accreditation,University of Bristol,University of Bristol,10007786,,B78,accredited,1539,2024-08-01T00:00:00Z,,hei,School of Education,35 Berkeley Square,"",Bristol,"",BS8 1JA,,,,"2026,2025,2024,2023,2022,2021,2020,2019",2026,,51.4549891,-2.60494,original,true,,,UNIVERSITY OF BRISTOL,
match:market_reg:accreditation,University of Buckingham,University of Buckingham,10007787,,2Z3,accredited,1581,2024-08-01T00:00:00Z,,hei,Yeomanry House,Hunter Street,,Buckingham,,MK18 1EG,51.9953909,-0.9916666,,"2026,2025,2024,2023",2026,766241922,51.9953909,-0.9916666,updated,true,,,THE UNIVERSITY OF BUCKINGHAM,University of Buckingham
match:market_reg:accreditation,University of Cambridge,University of Cambridge,10007788,,C05,accredited,1540,2024-08-01T00:00:00Z,,hei,"184, Hills Road",,,Cambridge,,CB2 8PQ,52.1866982,0.1368386,,"2026,2025,2024,2023,2022,2021,2020,2019",2026,10002567138,52.1866982,0.1368386,updated,true,address__address_line_1,organisation_name,UNIVERSITY OF CAMBRIDGE,University of CambridgeCambridge University
match:market_reg:accreditation,University of Chester,University of Chester,10007848,,C55,accredited,1507,2024-08-01T00:00:00Z,,hei,Grosvenor House,Parkgate Road,,Chester,,CH1 4BJ,53.2002807,-2.8998193,,"2026,2025,2024,2023,2022,2021,2020,2019",2026,10012218986,53.2002807,-2.8998193,updated,true,,,UNIVERSITY OF CHESTER,
match:market_reg:accreditation,University of Chichester,University of Chichester,10007137,133868,C58,accredited,1533,2024-08-01T00:00:00Z,,hei,Bognor Regis Campus,Upper Bognor Road,,Bognor Regis,,PO21 1HR,50.7889941,-0.6650175,,"2026,2025,2024,2023,2022,2021,2020,2019",2026,200002707728,50.7889941,-0.6650175,updated,true,,,THE UNIVERSITY OF CHICHESTER,University of Chichester
match:market_reg:accreditation,University of Cumbria,University of Cumbria,10007842,,C99,accredited,1529,2026-08-01T00:00:00Z,,hei,Fusehill Street,,,Carlisle,,CA1 2HH,54.890876,-2.922234,,"2026,2025,2024,2023,2022,2021,2020,2019",2026,10008682257,54.890876,-2.922234,updated,true,provider__legal_name,organisation_name,THE UNIVERSITY OF CUMBRIA,
match:market_reg:accreditation,University of Derby,University of Derby,10007851,133811,D39,accredited,1542,2024-08-01T00:00:00Z,,hei,Kedleston Road,,,Derby,,DE22 1GB,52.9378882,-1.4971764,,"2026,2025,2024,2023,2022,2021,2020,2019",2026,100032257096,52.9378882,-1.4971764,updated,true,,,UNIVERSITY OF DERBY,
match:market_reg:accreditation,University of East Anglia,University of East Anglia,10007789,133853,E14,accredited,1544,2026-08-01T00:00:00Z,,hei,Norwich Research Park,"","",Norwich,"",NR4 7TJ,,,,"2026,2025,2024,2023,2022,2021,2020,2019",2026,,52.6220523,1.2410838,original,true,,,THE UNIVERSITY OF EAST ANGLIA,University of East Anglia
match:market_reg:accreditation,University of East London,University of East London,10007144,,E28,accredited,1545,2024-08-01T00:00:00Z,,hei,Water Lane,,,London,,E15 4LZ,51.5441946,0.0095191,,"2026,2025,2024,2023,2022,2021,2020,2019",2026,46255514,51.5441946,0.0095191,updated,true,,,UNIVERSITY OF EAST LONDON,The University of East LondonThe University of East London Higher Education Corporation
match:market_reg:accreditation,University of Exeter,University of Exeter,10007792,,E84,accredited,1546,2024-08-01T00:00:00Z,,hei,The Innovation Centre,"University Of Exeter Campus, Rennes Drive",,Exeter,,EX4 4RN,50.7382287,-3.5303287,,"2026,2025,2024,2023,2022,2021,2020,2019",2026,10023123829,50.7382287,-3.5303287,updated,true,provider__legal_name,organisation_name,UNIVERSITY OF EXETER,
match:market_reg:accreditation,University of Gloucestershire,University of Gloucestershire,10007145,,G50,accredited,1547,2024-08-01T00:00:00Z,,hei,Pittville Student Village,Albert Road,,Cheltenham,,GL52 3JG,51.8872839,-2.089076,,"2026,2025,2024,2023,2022,2021,2020,2019",2026,100121233356,51.8872839,-2.089076,updated,true,,,UNIVERSITY OF GLOUCESTERSHIRE,
match:market_reg:accreditation,University of Greenwich,University of Greenwich,10007146,,G70,accredited,1548,2026-08-01T00:00:00Z,,hei,"Southwood Site, Avery Hill Campus",Avery Hill Road,,London,,SE9 2UG,51.4458905,0.0796007,,"2026,2025,2024,2023,2022,2021,2020,2019",2026,10010246128,51.4458905,0.0796007,updated,true,,,UNIVERSITY OF GREENWICH,
match:market_reg:accreditation,University of Hertfordshire,University of Hertfordshire,10007147,133783,H36,accredited,1549,2024-08-01T00:00:00Z,,hei,Mosquito Way,"","",Hatfield,"",AL10 9EU,51.76071,-0.250279,,"2026,2025,2024,2023,2022,2021,2020,2019",2026,,51.7518204,-0.2387957,original,true,,,UNIVERSITY OF HERTFORDSHIRE,University of Hertfordshire
match:market_reg:accreditation,University of Huddersfield,University of Huddersfield,10007148,133822,H60,accredited,1550,2024-08-01T00:00:00Z,,hei,Queensgate,,,Huddersfield,,HD1 3DH,53.6428285,-1.7780981,,"2026,2025,2024,2023,2022,2021,2020,2019",2026,83058193,53.6428285,-1.7780981,updated,true,,,THE UNIVERSITY OF HUDDERSFIELD,University of Huddersfield
match:market_reg:accreditation,University of Leicester,University of Leicester,10007796,,L34,accredited,1553,2024-08-01T00:00:00Z,,hei,University Road,,,Leicester,,LE1 7RH,52.6213031,-1.1240482,,"2026,2025,2024,2023,2022,2021,2020,2019",2026,2465074445,52.6213031,-1.1240482,updated,true,,,THE UNIVERSITY OF LEICESTER,University of Leicester
match:market_reg:accreditation,University of Manchester,University of Manchester,10007798,,M20,accredited,1554,2024-08-01T00:00:00Z,,hei,Oxford Road,,,Manchester,,M13 9PL,53.4733457,-2.235812,,"2026,2025,2024,2023,2022,2021,2020,2019",2026,77118459,53.4733457,-2.235812,updated,true,,,THE UNIVERSITY OF MANCHESTER,University of Manchester
match:market_reg:accreditation,University of Newcastle Upon Tyne,University of Newcastle Upon Tyne,10007799,133852,N21,accredited,1577,2024-08-01T00:00:00Z,,hei,Claremont Road,,,Newcastle Upon Tyne,,NE1 7RU,54.9789749,-1.6135961,,"2026,2025,2024,2023,2022,2021,2020,2019",2026,4510065763,54.9789749,-1.6135961,updated,true,,,UNIVERSITY OF NEWCASTLE UPON TYNE,Newcastle University
match:market_reg:accreditation,University of Northampton,University of Northampton,10007138,,N38,accredited,1534,2024-08-01T00:00:00Z,,hei,University Drive,,,Northampton,,NN1 5PH,52.2304821,-0.8869036,,"2026,2025,2024,2023,2022,2021,2020,2019",2026,15127116,52.2304821,-0.8869036,updated,true,,,"UNIVERSITY OF NORTHAMPTON, THE",The University of NorthamptonUniversity of Northampton
match:market_reg:accreditation,University of Northumbria at Newcastle,University of Northumbria at Newcastle,10001282,,N77,accredited,1572,2024-08-01T00:00:00Z,,hei,Pandon Buildings,Camden Street,,Newcastle Upon Tyne,,NE2 1XE,54.977694,-1.604597,,"2026,2025,2024,2023,2022,2021,2020,2019",2026,4510141707,54.9777316,-1.6044697,original,true,,,UNIVERSITY OF NORTHUMBRIA AT NEWCASTLE,
match:market_reg:accreditation,University of Nottingham,University of Nottingham,10007154,,N84,accredited,1555,2024-08-01T00:00:00Z,,hei,Wollaton Road,,,Nottingham,,NG8 1BB,52.9519817,-1.1862738,,"2026,2025,2024,2023,2022,2021,2020,2019",2026,200001412812,52.9519817,-1.1862738,updated,true,,,"UNIVERSITY OF NOTTINGHAM, THE",
match:market_reg:accreditation,University of Portsmouth,University of Portsmouth,10007155,,P80,accredited,1558,2024-08-01T00:00:00Z,,hei,St. George's Building,"141, High Street",,Portsmouth,,PO1 2HY,50.792441,-1.1000846,,"2026,2025,2024,2023,2022,2021,2020,2019",2026,1775038440,50.792441,-1.1000846,updated,true,,,UNIVERSITY OF PORTSMOUTH,
match:market_reg:accreditation,University of Reading,The University of Reading,10007802,,R12,accredited,1559,2024-08-01T00:00:00Z,,hei,Phillip Lyle Building,Pepper Lane,Whiteknights,Reading,,RG6 6EG,51.4376,-0.9411783,,"2026,2025,2024,2023,2022,2021,2020,2019",2026,10013469683,51.4376,-0.9411783,updated,true,,,THE UNIVERSITY OF READING,University of Reading
match:market_reg:accreditation,University of Sheffield,University of Sheffield,10007157,,S18,accredited,1560,2024-08-01T00:00:00Z,,hei,Western Bank,,,Sheffield,,S10 2TN,53.3800093,-1.482673,,"2026,2025,2024,2023,2022,2021,2020,2019",2026,10003573516,53.3800093,-1.482673,updated,true,,,THE UNIVERSITY OF SHEFFIELD,University of Sheffield
match:market_reg:accreditation,University of Southampton,University of Southampton,10007158,133879,S27,accredited,1561,2024-08-01T00:00:00Z,,hei,University Road,,,Southampton,,SO17 1BJ,50.934434,-1.3953718,,"2026,2025,2024,2023,2022,2021,2020,2019",2026,10024437276,50.934434,-1.3953718,updated,true,,,UNIVERSITY OF SOUTHAMPTON,
match:market_reg:accreditation,University of Staffordshire,University of Staffordshire,10006299,,S72,accredited,1531,2024-08-01T00:00:00Z,,hei,College Road,,,Stoke On Trent,,ST4 2DE,53.0093543,-2.1813174,,"2026,2025,2024,2023,2022,2021,2020,2019",2026,3455123741,53.0093543,-2.1813174,updated,true,,,UNIVERSITY OF STAFFORDSHIRE,
match:market_reg:accreditation,University of Sunderland,University of Sunderland,10007159,133881,S84,accredited,1562,2024-08-01T00:00:00Z,,hei,Chester Road,,,Sunderland,,SR1 3SD,54.9044149,-1.3916013,,"2026,2025,2024,2023,2022,2021,2020,2019",2026,45150062,54.9044149,-1.3916013,updated,true,,,UNIVERSITY OF SUNDERLAND,
match:market_reg:accreditation,University of Sussex,University of Sussex,10007806,,S90,accredited,1564,2026-08-01T00:00:00Z,,hei,Essex House,Arts Road,Falmer,Brighton,,BN1 9QQ,50.8670895,-0.087914,,"2026,2025,2024,2023,2022,2021,2020,2019",2026,22195563,50.8670895,-0.087914,updated,true,,,UNIVERSITY OF SUSSEX,
match:market_reg:accreditation,University of Warwick,University of Warwick,10007163,,W20,accredited,1566,2024-08-01T00:00:00Z,,hei,Westwood Campus,Kirby Corner Road,"",Coventry,"",CV4 8EE,52.395419,-1.573243,,"2026,2025,2024,2023,2022,2021,2020,2019",2026,,52.3877431,-1.5611598,original,true,,,THE UNIVERSITY OF WARWICK,University of Warwick
match:market_reg:accreditation,University of Winchester,University of Winchester,10003614,133880,W76,accredited,1514,2024-08-01T00:00:00Z,,hei,Sparkford Road,,,Winchester,,SO22 4NR,51.0597004,-1.3282476,,"2026,2025,2024,2023,2022,2021,2020,2019",2026,100062519480,51.0597004,-1.3282476,updated,true,,,UNIVERSITY OF WINCHESTER,
match:market_reg:accreditation,University of Wolverhampton,University of Wolverhampton,10007166,,W75,accredited,1567,2024-08-01T00:00:00Z,,hei,Walsall Campus,Gorway Road,,Walsall,,WS1 3BD,52.5739518,-1.9710029,,"2026,2025,2024,2023,2022,2021,2020,2019",2026,100071581845,52.5739518,-1.9710029,updated,true,,,UNIVERSITY OF WOLVERHAMPTON,University of Wolverhampton
match:market_reg:accreditation,University of Worcester,University of Worcester,10007139,133911,W80,accredited,1535,2024-08-01T00:00:00Z,,hei,Henwick Grove,,,Worcester,,WR2 6AJ,52.1979634,-2.2419556,,"2026,2025,2024,2023,2022,2021,2020,2019",2026,10000852058,52.1979634,-2.2419556,updated,true,,,UNIVERSITY OF WORCESTER,
match:market_reg:accreditation,University of York,University of York,10007167,,Y50,accredited,1568,2024-08-01T00:00:00Z,,hei,Department of Education,Heslington,"",York,"",YO10 5DD,53.948435,-1.05356,,"2026,2025,2024,2023,2022,2021,2020,2019",2026,,53.9461089,-1.0517718,original,true,,,UNIVERSITY OF YORK,
match:market_reg:accreditation,"University of the West of England, Bristol",University of the West of England,10007164,133798,B80,accredited,1565,2026-08-01T00:00:00Z,,hei,Frenchay Campus,Coldharbour Lane,,Bristol,,BS16 1QY,51.5019824,-2.5500485,,"2026,2025,2024,2023,2022,2021,2020,2019",2026,632369,51.5019824,-2.5500485,updated,true,,,"UNIVERSITY OF THE WEST OF ENGLAND, BRISTOL","UWE BristolUniversity of the West of EnglandUWE, BristolUniversity of West of EnglandUWE"
match:market_reg:accreditation,Vantage North Humber Teacher Training,St Mary's College,10063694,,2V1,accredited,5730,2023-08-01T00:00:00Z,,scitt,Cranbrook Avenue,,,Hull,,HU6 7TN,53.7750905,-0.3631675,,"2026,2025,2024,2023",2026,21114046,53.7750905,-0.3631675,updated,true,,,ST MARY'S COLLEGE,
match:market_reg:accreditation,Wandsworth Primary Schools Consortium,Brandlehow Primary School,10071329,101001,W14,accredited,5546,2024-08-01T00:00:00Z,,scitt,"7, St. Josephs Street",,,London,,SW8 4EN,51.4765243,-0.146463,,"2026,2025,2024,2023,2022,2021,2020,2019",2026,100023385191,51.4765243,-0.146463,updated,true,,,BRANDLEHOW PRIMARY SCHOOL,
match:market_reg:accreditation,West Essex SCITT,Epping Forest Schools Partnership Trust,10067433,,2BB,accredited,5707,2024-08-01T00:00:00Z,,scitt,High Road,"",,Buckhurst Hill,,IG9 5RX,51.629618,0.033264,,"2026,2025,2024,2023,2022,2021,2020,2019",2026,100091481104,51.6296332,0.0343515,original,true,,,EPPING FOREST SCHOOLS PARTNERSHIP TRUST,West Essex SCITT
match:market_reg:accreditation,Xavier Teach SouthEast,Xavier Catholic Education Trust,10057399,143367,2EW,accredited,5709,2024-08-01T00:00:00Z,,scitt,Guildford Road,,,Chertsey,,KT16 9LU,51.3811736,-0.519996,,"2026,2025,2024,2023,2022,2021,2020,2019",2026,100062364225,51.3811736,-0.519996,updated,true,,,XAVIER CATHOLIC EDUCATION TRUST,XAVIER CATHOLIC EDUCATION TRUST (Academy Trust)Teach SouthEast
match:market_reg:accreditation,York St John University,York St John University,10007713,133914,Y75,accredited,1569,2024-08-01T00:00:00Z,,hei,Lord Mayors Walk,,,York,,YO31 7EX,53.9649139,-1.0800959,missing address__town_or_city,"2026,2025,2024,2023,2022,2021,2020,2019",2026,200004772953,53.9649139,-1.0800959,updated,true,,,YORK ST JOHN UNIVERSITY,
match:market_reg:accreditation,Yorkshire Wolds Teacher Training,The Education Alliance,10058551,,2EV,accredited,5712,2024-08-01T00:00:00Z,,scitt,East Dale Road,Melton,,North Ferriby,,HU14 3HS,53.728186,-0.537125,,"2026,2025,2024,2023,2022,2021,2020,2019",2026,100052016756,53.7284536,-0.5349145,original,true,,,THE EDUCATION ALLIANCE,THE EDUCATION ALLIANCE (Academy Trust)Yorkshire Wolds Teacher Training
match:market_reg:accreditation,e-Qualitas,e-Qualitas Professional Services,10046623,,E69,accredited,5585,2024-08-01T00:00:00Z,,scitt,registered office: Sir Wilfrid Newton House,Thorncliffe Park,Chapeltown,Sheffield,,S35 2PH,53.4729128,-1.4761161,,"2026,2025,2024,2023,2022,2021,2020,2019",2026,,53.4729128,-1.4761161,original,,,,E-QUALITAS PROFESSIONAL SERVICES LIMITED,e-Qualitas
match:market_reg:accreditation,i2i Teaching Partnership,Weydon Multi Academy Trust,10058582,,24X,accredited,5657,2024-08-01T00:00:00Z,,scitt,Weydon Lane,,,Farnham,,GU9 8UG,51.2023786,-0.8148865,,"2026,2025,2024,2023,2022,2021,2020,2019",2026,100062355153,51.2023786,-0.8148865,updated,true,address__address_line_1,organisation_name,WEYDON MULTI ACADEMY TRUST,Weydon Multi Academy Trust (Academy Trust)
