Row number,Accredited entity,Operating name,Provider type,Provider code,Accreditation ID,UKPRN,URN,Accreditation type,Start date,,,
2,Achievement Through Collaboration Trust,Kingsbridge EIP SCITT,SCITT,1S2,5616,10058922,,Accredited Provider,01/08/2025,,,
3,Ambition Teacher Training,Ambition Teacher Training,SCITT,2A2,5722,10095073,,Accredited Provider,01/08/2025,,,
4,Anglia Ruskin University,Anglia Ruskin University,HEI,Null,1570,10000291,,Accredited Provider,01/08/2025,,,
5,Archway Learning Trust,Bluecoat SCITT Alliance Nottingham,SCITT,1YH,5646,10052837,,Accredited Provider,01/08/2025,,,
6,Ark Schools,Ark Teacher Training,SCITT,1CS,5635,10044534,,Accredited Provider,01/08/2025,,,
7,Bath Spa University,Bath Spa University,HEI,B20,1502,10000571,,Accredited Provider,01/08/2025,,,
8,Beacon Multi Academy Trust,NELTA,SCITT,251,5659,10059409,,Accredited Provider,01/08/2025,,,
9,Best Practice Network Ltd,Best Practice Network,SCITT,6B1,5733,10019464,,Accredited Provider,01/08/2025,,,
10,Birmingham City University,Birmingham City University,HEI,B25,1541,10007140,,Accredited Provider,01/08/2025,,,
11,Birmingham Newman University,Birmingham Newman University,HEI,N36,1523,10007832,,Accredited Provider,01/08/2025,,,
12,Bishop Bewick Catholic Education Trust,Sacred Heart Newcastle SCITT,SCITT,2BA,5705,10059424,,Accredited Provider,01/08/2025,,,
13,Bishop Challoner Catholic College,Bishop Challoner Training School,SCITT,1K2,5723,10000722,,Accredited Provider,01/08/2025,,,
14,Brandlehow Primary School,Wandsworth Primary Schools' Consortium,SCITT,W14,5546,10046788,,Accredited Provider,01/08/2025,,,
15,Bridge Academy Trust,Mid Essex Initial Teacher Training,SCITT,M82,5524,10058864,,Accredited Provider,01/08/2025,,,
16,Bright Futures Educational Trust,Bright Futures SCITT,SCITT,G65,5649,10046414,,Accredited Provider,01/08/2025,,,
17,Cabot Learning Federation,Five Counties SCITT,SCITT,2AV,5695,10058211,,Accredited Provider,01/08/2025,,,
18,Canterbury Christ Church University,Canterbury Christ Church University,HEI,C10,1505,10001143,,Accredited Provider,01/08/2025,,,
19,Changing Lives Learning Trust,One Cumbria,SCITT,1A3,5732,10058240,,Accredited Provider,01/08/2025,,,
20,Chiltern Learning Trust,Chiltern Training Group,SCITT,C59,5508,10055370,,Accredited Provider,01/08/2025,,,
21,Chorus Education Trust,National Specialist SCITTs,SCITT,2F1,5716,10060171,,Accredited Provider,01/08/2025,,,
22,"Christ Church Primary School, Hampstead",Teaching London: LDBS SCITT,SCITT,L59,5523,10074742,,Accredited Provider,01/08/2025,,,
23,City College Norwich,Norfolk Teacher Training Centre,SCITT,N43,5627,10004772,,Accredited Provider,01/08/2025,,,
24,Colegrave Primary School,SCITT in East London Schools (SCITTELS),SCITT,S17,5535,10046003,,Accredited Provider,01/08/2025,,,
25,Coventry University,National Institute of Teaching and Education,HEI,C85,1585,10001726,,Accredited Provider,01/08/2025,,,
26,Delta Academies Trust,Exchange Teacher Training,SCITT,1DU,5724,10055739,,Accredited Provider,01/08/2025,,,
27,Dr Challoner's Grammar School,Astra SCITT,SCITT,28E,5689,10032610,,Accredited Provider,01/08/2025,,,
28,East Anglian Schools Trust,EAST SCITT,SCITT,3C6,5720,10058884,,Accredited Provider,01/08/2025,,,
29,East Midlands Education Trust,East Midlands Teacher Training Partnership,SCITT,E31,5614,10055367,,Accredited Provider,01/08/2025,,,
30,Edge Hill University,Edge Hill University,HEI,E42,1510,10007823,,Accredited Provider,01/08/2025,,,
31,Education Management Direct Limited,Educate Group Initial Teacher Training,SCITT,E65,5587,10035411,,Accredited Provider,01/08/2025,,,
32,Education South West,SWIFT Teacher Training,SCITT,3S3,5735,10058417,,Accredited Provider,01/08/2025,,,
33,Epping Forest Schools Partnership Trust,West Essex SCITT,SCITT,2BB,5707,10067433,,Accredited Provider,01/08/2025,,,
34,e Qualitas Professional Services,e Qualitas,SCITT,E69,5585,10046623,,Accredited Provider,01/08/2025,,,
35,Essex and Thames Education,Essex and Thames SCITT,SCITT,T25,5543,10092263,,Accredited Provider,01/08/2025,,,
36,Exceed Academies Trust,Exceed SCITT,SCITT,2EY,5714,10064216,,Accredited Provider,01/08/2025,,,
37,Farnborough College of Technology,University Centre Farnborough,SCITT,2F3,5725,10002412,,Accredited Provider,01/08/2025,,,
38,Future Academies,Future Teacher Training,SCITT,P58,5633,10043978,,Accredited Provider,01/08/2025,,,
39,"Goldsmiths, University of London","Goldsmiths, University of London",HEI,G56,1511,10002718,,Accredited Provider,01/08/2025,,,
40,GORSE Academies Trust,GORSE SCITT,SCITT,1N1,5658,10055363,,Accredited Provider,01/08/2025,,,
41,Great Academies Education Trust,Pioneers Partnership SCITT,SCITT,1Z8,5678,10058215,,Accredited Provider,01/08/2025,,,
42,Great Heights Trust,AA Teamworks West Yorkshire SCITT,SCITT,2AT,5697,10032342,,Accredited Provider,01/08/2025,,,
43,Harrison Primary School,Fareham and Gosport Primary SCITT,SCITT,25M,5681,10048033,,Accredited Provider,01/08/2025,,,
44,HISP Multi Academy Trust,Inspiring Future Teachers,SCITT,3Y3,5738,10058640,,Accredited Provider,01/08/2025,,,
45,Holmes Chapel Comprehensive School,Cheshire East SCITT,SCITT,25Q,5680,10035146,,Accredited Provider,01/08/2025,,,
46,Holy Family Catholic Primary School,Primary Catholic Partnership SCITT,SCITT,P85,5533,10045987,,Accredited Provider,01/08/2025,,,
47,Impact MAT,Bromley Schools' Collegiate,SCITT,B91,5507,10059069,,Accredited Provider,01/08/2025,,,
48,Inspiring Futures Partnership Trust,Chepping View Primary Academy SCITT,SCITT,24S,5664,10059665,,Accredited Provider,01/08/2025,,,
49,Inspiring Leaders Ltd,Inspiring Leaders Teacher Training,SCITT,3A1,5642,10088528,,Accredited Provider,01/08/2025,,,
50,King Edward VI Academy Trust Birmingham,King Edward's Consortium,SCITT,K50,5591,10065300,,Accredited Provider,01/08/2025,,,
51,King's College London,King's College London,HEI,K60,1515,10003645,,Accredited Provider,01/08/2025,,,
52,Kingston University Higher Education Corporation,Kingston University,HEI,K84,1516,10003678,,Accredited Provider,01/08/2025,,,
53,Leeds Beckett University,Leeds Beckett University,HEI,L27,1517,10003861,,Accredited Provider,01/08/2025,,,
54,Leeds Trinity University,Leeds Trinity University,HEI,L24,1532,10003863,,Accredited Provider,01/08/2025,,,
55,Leigh Academies Trust,Kent and Medway Training KMT,SCITT,K30,5521,10052832,,Accredited Provider,01/08/2025,,,
56,Lincoln Bishop University,Lincoln Bishop University,HEI,B38,1503,10007811,,Accredited Provider,01/08/2025,,,
57,Liverpool Hope University,Liverpool Hope University,HEI,L46,1518,10003956,,Accredited Provider,01/08/2025,,,
58,Liverpool John Moores University,Liverpool John Moores University,HEI,L51,1519,10003957,,Accredited Provider,01/08/2025,,,
59,London Metropolitan University,London Metropolitan University,HEI,L68,1520,10004048,,Accredited Provider,01/08/2025,,,
60,London School of Jewish Studies,London School of Jewish Studies (LSJS),SCITT,28T,5501,10029147,,Accredited Provider,01/08/2025,,,
61,Loughborough University,Loughborough University,HEI,L79,1521,10004113,,Accredited Provider,01/08/2025,,,
62,Lydiate Learning Trust,Associated Merseyside Partnership SCITT,SCITT,25F,5670,10055360,,Accredited Provider,01/08/2025,,,
63,Manchester Metropolitan University,Manchester Metropolitan University,HEI,M40,1522,10004180,,Accredited Provider,01/08/2025,,,
64,Matrix Academy Trust,Barr Beacon SCITT,SCITT,2AX,5694,10053216,,Accredited Provider,01/08/2025,,,
65,Meridian Trust,The Cambridge Partnership,SCITT,C03,5602,10053421,,Accredited Provider,01/08/2025,,,
66,Middlesex University,Middlesex University,HEI,M80,1571,10004351,,Accredited Provider,01/08/2025,,,
67,Mulberry Schools Trust,Mulberry College of Teaching,SCITT,5V5,5727,10064234,,Accredited Provider,01/08/2025,,,
68,North Lincolnshire Council,North Lincolnshire SCITT Partnership,SCITT,N66,5590,10004694,,Accredited Provider,01/08/2025,,,
69,Northampton School for Boys,Northampton Teacher Training Partnership,SCITT,N42,5527,10031382,,Accredited Provider,01/08/2025,,,
70,Notre Dame High School,The Sheffield SCITT,SCITT,S97,5647,10037587,,Accredited Provider,01/08/2025,,,
71,Nottingham Trent University,Nottingham Trent University,HEI,N91,1524,10004797,,Accredited Provider,01/08/2025,,,
72,Nova Education Trust,Nottinghamshire Torch SCITT,SCITT,254,5662,10055362,,Accredited Provider,01/08/2025,,,
73,Oakthorpe Primary School,2Schools Consortium,SCITT,T92,5606,10045988,,Accredited Provider,01/08/2025,,,
74,Oxford Brookes University,Oxford Brookes University,HEI,O66,1526,10004930,,Accredited Provider,01/08/2025,,,
75,Partnership Learning,Partnership London SCITT (PLS),SCITT,2B1,5699,10053276,,Accredited Provider,01/08/2025,,,
76,Pele Trust,North Tyneside SCITT,SCITT,N73,5567,10082114,,Accredited Provider,01/08/2025,,,
77,Prestolee Multi Academy Trust,Prestolee SCITT,SCITT,2AS,5685,10055218,,Accredited Provider,01/08/2025,,,
78,REAch2 Academy Trust,REAch Teach Primary Partnership,SCITT,1QU,5729,10060390,,Accredited Provider,01/08/2025,,,
79,Red Kite Learning Trust,Red Kite Teacher Training,SCITT,2B9,5706,10054307,,Accredited Provider,01/08/2025,,,
80,River Learning Trust,OTT SCITT,SCITT,24T,5669,10059630,,Accredited Provider,01/08/2025,,,
81,Roehampton University,University of Roehampton,HEI,R48,1563,10007776,,Accredited Provider,01/08/2025,,,
82,Royal Latin School,Buckingham Partnership,SCITT,B71,5622,10035071,,Accredited Provider,01/08/2025,,,
83,School Led Development Trust,National Institute of Teaching,SCITT,2N2,5728,10090839,,Accredited Provider,01/08/2025,,,
84,Severn Academies Educational Trust,Stourport SCITT,SCITT,S95,5634,10058732,,Accredited Provider,01/08/2025,,,
85,Shaw Education Trust,Keele and North Staffordshire Teacher Education,SCITT,24J,5653,10060817,,Accredited Provider,01/08/2025,,,
86,Sheffield Hallam University,Sheffield Hallam University,HEI,S21,1527,10005790,,Accredited Provider,01/08/2025,,,
87,Sidney Stringer Multi Academy Trust,The Coventry SCITT,SCITT,2A7,5691,10058243,,Accredited Provider,01/08/2025,,,
88,Somerset Council,Somerset SCITT,SCITT,S31,5538,10005959,,Accredited Provider,01/08/2025,,,
89,South Pennine Academies,Huddersfield Horizon SCITT,SCITT,2EX,5713,10058690,,Accredited Provider,01/08/2025,,,
90,St Edmund’s Nursery School,Bradford Birth to 19 SCITT,SCITT,259,5672,10047807,,Accredited Provider,01/08/2025,,,
91,St Mary & St Paul's CofE Primary School,Mersey Boroughs ITT Partnership,SCITT,1X8,5641,10045107,,Accredited Provider,01/08/2025,,,
92,St Mary's College,Vantage North Humber Teacher Training,SCITT,2V1,5730,10063694,,Accredited Provider,01/08/2025,,,
93,St Mary's University,St Mary's University,HEI,S64,1530,10007843,,Accredited Provider,01/08/2025,,,
94,St Paul's Catholic High School,The Tommy Flowers SCITT,SCITT,1YK,5645,10006289,,Accredited Provider,01/08/2025,,,
95,Stockton On Tees Borough Council,Stockton SCITT,SCITT,S60,5607,10006337,,Accredited Provider,01/08/2025,,,
96,Suffolk County Council,"Norfolk, Essex and Suffolk Teacher Training (NESTT)",SCITT,S14,5541,10006399,,Accredited Provider,01/08/2025,,,
97,Summit Learning Trust,South Birmingham SCITT,SCITT,N32,5611,10058342,,Accredited Provider,01/08/2025,,,
98,South Farnham Educational Trust,Surrey South Farnham SCITT,SCITT,13S,5579,10054050,,Accredited Provider,01/08/2025,,,
99,Teach First,Teach First,SCITT,1TF,5719,10024318,,Accredited Provider,01/08/2025,,,
100,TEACH Poole,Poole SCITT,SCITT,P75,5505,10057353,,Accredited Provider,01/08/2025,,,
101,Ted Wragg Multi Academy Trust,Ted Wragg Teacher Training Partnership,SCITT,S66,5540,10060466,,Accredited Provider,01/08/2025,,,
102,Teesside University,Teesside University ITT,HEI,3S1,1587,10007161,,Accredited Provider,01/08/2025,,,
103,Tes Institute Limited,Tes Institute,SCITT,H40,5708,10035578,,Accredited Provider,01/08/2025,,,
104,The Alpha Trust,Colchester Teacher Training Consortium,SCITT,2DB,5509,10035498,,Accredited Provider,01/08/2025,,,
105,The Arthur Terry Learning Partnership,Arthur Terry SCITT,SCITT,A67,5583,10034759,,Accredited Provider,01/08/2025,,,
106,The Balcarras Trust,Gloucestershire Initial Teacher Education Partnership,SCITT,G48,5518,10034789,,Accredited Provider,01/08/2025,,,
107,The Bay Learning Trust,Ripley ITT,SCITT,R23,5648,10058677,,Accredited Provider,01/08/2025,,,
108,The Cam Academy Trust,"Cambridge Training Schools Network, CTSN SCITT",SCITT,1WO,5630,10055220,,Accredited Provider,01/08/2025,,,
109,The Compton School,Compton SCITT,SCITT,1X7,5644,10058414,,Accredited Provider,01/08/2025,,,
110,The Cranmer Education Trust,Manchester Nexus SCITT,SCITT,2EU,5710,10058966,,Accredited Provider,01/08/2025,,,
111,The Dean Trust,Ashton on Mersey School SCITT,SCITT,24L,5638,10055366,,Accredited Provider,01/08/2025,,,
112,The Eden Learning Trust,Durham SCITT,SCITT,D87,5573,10067657,,Accredited Provider,01/08/2025,,,
113,The Education Alliance,Yorkshire Wolds Teacher Training,SCITT,2EV,5712,10058551,,Accredited Provider,01/08/2025,,,
114,The Four Stones Multi Academy Trust,Haybridge SCITT,SCITT,2B3,5701,10058796,,Accredited Provider,01/08/2025,,,
115,The Grand Union Training Partnership,The Grand Union Training Partnership,SCITT,G60,5519,10058513,,Accredited Provider,01/08/2025,,,
116,The John Taylor MAT,The John Taylor SCITT,SCITT,24V,5667,10057362,,Accredited Provider,01/08/2025,,,
117,The Kemnal Academies Trust,TKAT SCITT,SCITT,K13,5578,10058343,,Accredited Provider,01/08/2025,,,
118,The LETTA Trust,London East Teacher Training Alliance (LETTA),SCITT,133,5663,10064599,,Accredited Provider,01/08/2025,,,
119,The Mead Educational Trust,Leicester and Leicestershire SCITT,SCITT,L33,5584,10055113,,Accredited Provider,01/08/2025,,,
120,The Priory Federation of Academies Trust,Lincolnshire ITT,SCITT,25G,5676,10058228,,Accredited Provider,01/08/2025,,,
121,The Royal Borough of Windsor & Maidenhead,Royal Borough of Windsor and Maidenhead SCITT,SCITT,1WM,5629,10005550,,Accredited Provider,01/08/2025,,,
122,The Sea View Trust,Embrace SCITT,SCITT,"	4E5",5731,10060518,,Accredited Provider,01/08/2025,,,
123,The Spencer Academies Trust,George Spencer Academy SCITT,SCITT,1HR,5595,10058352,,Accredited Provider,01/08/2025,,,
124,The University of Reading,University of Reading,HEI,R12,1559,10007802,,Accredited Provider,01/08/2025,,,
125,The Willow Learning Trust,Sutton SCITT,SCITT,1ZW,5651,10058739,,Accredited Provider,01/08/2025,,,
126,Truro & Penwith College,Cornwall School Centred Initial Teacher Training (Cornwall SCITT),SCITT,C79,5511,10007063,,Accredited Provider,01/08/2025,,,
127,Twyford CofE Academies Trust,Teach West London Teaching School Hub,SCITT,1KV,5737,10058781,,Accredited Provider,01/08/2025,,,
128,Twynham Learning,Bournemouth Bay Teacher Training Partnership,SCITT,B52,5575,10055369,,Accredited Provider,01/08/2025,,,
129,United Learning Trust,United Teaching National SCITT,SCITT,1A9,5674,10037395,,Accredited Provider,01/08/2025,,,
130,University College London (UCL),University College London (UCL),HEI,U80,1584,10007784,,Accredited Provider,01/08/2025,,,
131,University of Bedfordshire,University of Bedfordshire,HEI,B22,1582,10007152,,Accredited Provider,01/08/2025,,,
132,University of Birmingham,University of Birmingham,HEI,B32,1537,10006840,,Accredited Provider,01/08/2025,,,
133,University of Brighton,University of Brighton,HEI,B72,1538,10000886,,Accredited Provider,01/08/2025,,,
134,University of Bristol,University of Bristol,HEI,B78,1539,10007786,,Accredited Provider,01/08/2025,,,
135,University of Buckingham,University of Buckingham,HEI,2Z3,1581,10007787,,Accredited Provider,01/08/2025,,,
136,University of Cambridge,University of Cambridge,HEI,C05,1540,10007788,,Accredited Provider,01/08/2025,,,
137,University of Chester,University of Chester,HEI,C55,1507,10007848,,Accredited Provider,01/08/2025,,,
138,University of Chichester,University of Chichester,HEI,C58,1533,10007137,,Accredited Provider,01/08/2025,,,
139,University of Chichester Academy Trust,Portsmouth Primary SCITT,SCITT,P82,5532,10042780,,Accredited Provider,01/08/2025,,,
140,University of Derby,University of Derby,HEI,D39,1542,10007851,,Accredited Provider,01/08/2025,,,
141,University of East London,University of East London,HEI,E28,1545,10007144,,Accredited Provider,01/08/2025,,,
142,University of Exeter,University of Exeter,HEI,E84,1546,10007792,,Accredited Provider,01/08/2025,,,
143,University of Gloucestershire,University of Gloucestershire,HEI,G50,1547,10007145,,Accredited Provider,01/08/2025,,,
144,University of Hertfordshire,University of Hertfordshire,HEI,H36,1549,10007147,,Accredited Provider,01/08/2025,,,
145,University of Huddersfield,University of Huddersfield,HEI,H60,1550,10007148,,Accredited Provider,01/08/2025,,,
146,University of Leicester,University of Leicester,HEI,L34,1553,10007796,,Accredited Provider,01/08/2025,,,
147,University of Manchester,University of Manchester,HEI,M20,1554,10007798,,Accredited Provider,01/08/2025,,,
148,University of Newcastle Upon Tyne,Newcastle University,HEI,N21,1577,10007799,,Accredited Provider,01/08/2025,,,
149,University of Northampton,University of Northampton,HEI,N38,1534,10007138,,Accredited Provider,01/08/2025,,,
150,University of Northumbria at Newcastle,University of Northumbria,HEI,N77,1572,10001282,,Accredited Provider,01/08/2025,,,
151,University of Nottingham,University of Nottingham,HEI,N84,1555,10007154,,Accredited Provider,01/08/2025,,,
152,University of Oxford,University of Oxford,HEI,O33,1556,10007774,,Accredited Provider,01/08/2025,,,
153,University of Portsmouth,University of Portsmouth,HEI,P80,1558,10007155,,Accredited Provider,01/08/2025,,,
154,University of Sheffield,The University of Sheffield,HEI,S18,1560,10007157,,Accredited Provider,01/08/2025,,,
155,University of Southampton,University of Southampton,HEI,S27,1561,10007158,,Accredited Provider,01/08/2025,,,
156,University of St Mark and St John,Plymouth Marjon University,HEI,P63,1508,10037449,,Accredited Provider,01/08/2025,,,
157,University of Staffordshire,University of Staffordshire,HEI,S72,1531,10006299,,Accredited Provider,01/08/2025,,,
158,University of Sunderland,University of Sunderland,HEI,S84,1562,10007159,,Accredited Provider,01/08/2025,,,
159,University of Warwick,The University of Warwick,HEI,W20,1566,10007163,,Accredited Provider,01/08/2025,,,
160,University of Winchester,University of Winchester,HEI,W76,1514,10003614,,Accredited Provider,01/08/2025,,,
161,University of Wolverhampton,University of Wolverhampton,HEI,W75,1567,10007166,,Accredited Provider,01/08/2025,,,
162,University of Worcester,University of Worcester,HEI,W80,1535,10007139,,Accredited Provider,01/08/2025,,,
163,University of York,University of York,HEI,Y50,1568,10007167,,Accredited Provider,01/08/2025,,,
164,Wessex Learning Trust,Mid Somerset Consortium for Teacher Training,SCITT,M84,5604,10058347,,Accredited Provider,01/08/2025,,,
165,Weydon Multi Academy Trust,i2i Teaching Partnership SCITT,SCITT,24X,5657,10058582,,Accredited Provider,01/08/2025,,,
166,Xavier Catholic Education Trust,Xavier Teach SouthEast,SCITT,2EW,5709,10057399,,Accredited Provider,01/08/2025,,,
167,York St John University,York St John University,HEI,Y75,1569,10007713,,Accredited Provider,01/08/2025,,,
168,Bradford College,Bradford College,SCITT,B60,5564,10000840,,Accredited Provider,01/08/2025,,,
169,Brunel University London,Brunel University London,HEI,B84,1504,10000961,,Accredited Provider,01/08/2025,,,
170,Hazelwood Schools,Forest Independent Primary Collegiate,SCITT,F82,5517,10046090,,Accredited Provider,01/08/2025,,,
171,North East Learning Trust,North East SCITT,SCITT,L06,5609,10052835,,Accredited Provider,01/08/2025,,,
172,Worcestershire Hills Trust,Prince Henry’s High School and South Worcestershire SCITT,SCITT,2ET,5711,10058491,,Accredited Provider,01/08/2025,,,
173,Four Cs MAT,Teach East SCITT,SCITT,T11,5631,10058314,,Accredited Provider,01/08/2025,,,
174,University of Cumbria,University of Cumbria,HEI,C99,1529,10007842,,Accredited Provider,01/08/2025,,,
175,University of East Anglia,University of East Anglia,HEI,E14,1544,10007789,,Accredited Provider,01/08/2025,,,
176,University of Greenwich,University of Greenwich,HEI,G70,1548,10007146,,Accredited Provider,01/08/2025,,,
177,University of Sussex,University of Sussex,HEI,S90,1564,10007806,,Accredited Provider,01/08/2025,,,
178,University of the West of England,University of the West of England,HEI,B80,1565,10007164,,Accredited Provider,01/08/2025,,,
179,The Constellation Trust,Yorkshire and Humber Teacher Training,SCITT,2B2,5700,10058237,,Accredited Provider,01/08/2025,,,
180,3 18 Inspiring Futures,3 18 Inspiring Futures,School,1Q6,,10059785,,Training Partner,01/08/2025,,,
181,Abacus Belsize Primary School,Abacus Belsize Primary School,School,4A2,,10042333,,Training Partner,01/08/2025,,,
182,Academy Transformation Trust,Academy Transformation Trust,School,7D7,,10042700,,Training Partner,01/08/2025,,,
183,Achieve with TELA,Achieve with TELA,School,1R3,,10038162,,Training Partner,01/08/2025,,,
184,Acklam Grange School,Acklam Grange School,School,2FD,,10067565,,Training Partner,01/08/2025,,,
185,Active Teacher Training,Active Teacher Training,School,2KL,,10059514,,Training Partner,01/08/2025,,,
186,Ad Astra SCITT,Ad Astra SCITT,School,3A8,,10060899,,Training Partner,01/08/2025,,,
187,Advance Learning Partnership,Advance Learning Partnership,School,2AL,,10059549,,Training Partner,01/08/2025,,,
188,Advance Teacher Training,Advance Teacher Training,School,D5D,,10059545,,Training Partner,01/08/2025,,,
189,Agnus Dei Catholic Schools,Agnus Dei Catholic Schools,School,2BD,,10006280,,Training Partner,01/08/2025,,,
190,AIM Alliance Schools,AIM Alliance Schools,School,2FR,,10016231,,Training Partner,01/08/2025,,,
191,Aireborough Partnership,Aireborough Partnership,School,2JF,,10073040,,Training Partner,01/08/2025,,,
192,Aldridge Education,Aldridge Education,School,7A1,,10058195,,Training Partner,01/08/2025,,,
193,Aletheia Academies Trust,Aletheia Academies Trust,School,2T4,,10059352,,Training Partner,01/08/2025,,,
194,Alliance of Bristol Catholic Schools (ABCs),Alliance of Bristol Catholic Schools (ABCs),School,7A3,,10035687,,Training Partner,01/08/2025,,,
195,Alliance of Leading Learning,Alliance of Leading Learning,School,1HQ,,10007848,,Training Partner,01/08/2025,,,
196,All Saints Catholic Academy Trust,All Saints Catholic Academy Trust,School,5H5,,10059575,,Training Partner,01/08/2025,,,
197,All Saints RC School,All Saints RC School,School,2KH,,10000225,,Training Partner,01/08/2025,,,
198,Alpha Academies Trust,Alpha Academies Trust,School,5A4,,10058303,,Training Partner,01/08/2025,,,
199,An Daras Trust,An Daras Trust,School,5D2,,10059966,,Training Partner,01/08/2025,,,
200,Aquila,Aquila,School,2CA,,10054668,,Training Partner,01/08/2025,,,
201,Arbib Education Trust,Arbib Education Trust,School,7A2,,10058188,,Training Partner,01/08/2025,,,
202,Archbishop Blanch School,Archbishop Blanch School,School,2KA,,10003957,,Training Partner,01/08/2025,,,
203,Archbishop Tenison’s CE High School,Archbishop Tenison’s CE High School,School,2P9,,10000344,,Training Partner,01/08/2025,,,
204,Arden Alliance,Arden Alliance,School,2BU,,10031562,,Training Partner,01/08/2025,,,
205,Arthur Terry School,Arthur Terry School,School,1QN,,10034759,,Training Partner,01/08/2025,,,
206,Ascend Learning Trust,Ascend Learning Trust,School,4A5,,10058663,,Training Partner,01/08/2025,,,
207,Ashcroft Technology Academy,Ashcroft Technology Academy,School,4E8,,10021078,,Training Partner,01/08/2025,,,
208,Ashdene Primary School,Ashdene Primary School,School,3A6,,10074366,,Training Partner,01/08/2025,,,
209,Ashfield School ITT,Ashfield School ITT,School,2L9,,10036962,,Training Partner,01/08/2025,,,
210,Ashmole Academy (North London Teaching Alliance),Ashmole Academy (North London Teaching Alliance),School,1P2,,10031563,,Training Partner,01/08/2025,,,
211,Ashton Teacher Training Partnership,Ashton Teacher Training Partnership,School,29O,,10082366,,Training Partner,01/08/2025,,,
212,Aspirations Academies Trust,Aspirations Academies Trust,School,2O1,,10088769,,Training Partner,01/08/2025,,,
213,Aspire Academy Trust,Aspire Academy Trust,School,2HB,,10058372,,Training Partner,01/08/2025,,,
214,Aspire Basingstoke,Aspire Basingstoke,School,28R,,10054050,,Training Partner,01/08/2025,,,
215,Aspire Teacher Training,Aspire Teacher Training,School,1XQ,,10005790,,Training Partner,01/08/2025,,,
216,ASSET Education,ASSET Education,School,146,,10048992,,Training Partner,01/08/2025,,,
217,Aston Community Education Trust,Aston Community Education Trust,School,17U,,10005790,,Training Partner,01/08/2025,,,
218,Astra Aylesbury Hub,Astra Aylesbury Hub,School,2KM,,10032610,,Training Partner,01/08/2025,,,
219,Astrea Academy Trust,Astrea Academy Trust,School,3A9,,10067898,,Training Partner,01/08/2025,,,
220,Authentic Education Training school,Authentic Education Training school,School,135,,10003614,,Training Partner,01/08/2025,,,
221,Avanti Schools Trust,Avanti Schools Trust,School,4A3,,10058487,,Training Partner,01/08/2025,,,
222,Avenue Primary Academy,Avenue Primary Academy,School,1J3,,10053779,,Training Partner,01/08/2025,,,
223,Balcarras Teaching School Hub,Balcarras Teaching School Hub,School,14B,,10032991,,Training Partner,01/08/2025,,,
224,Bannockburn Primary School,Bannockburn Primary School,School,200,,Not found,,Training Partner,01/08/2025,,,
225,Barking Abbey SCITT,Barking Abbey SCITT,School,5B1,,10000527,,Training Partner,01/08/2025,,,
226,Barr Beacon School,Barr Beacon School,School,1BB,,10034154,,Training Partner,01/08/2025,,,
227,Basingstoke Alliance SCITT,Basingstoke Alliance SCITT,School,1KH,,10034865,,Training Partner,01/08/2025,,,
228,BBL Teacher Training,BBL Teacher Training,School,4A7,,10067010,,Training Partner,01/08/2025,,,
229,BCCET Teacher Training Partnership,BCCET Teacher Training Partnership,School,2B8,,10061060,,Training Partner,01/08/2025,,,
230,Beal High School (NELTA),Beal High School (NELTA),School,1NA,,Not found,,Training Partner,01/08/2025,,,
231,Beaulieu Park Primary School,Beaulieu Park Primary School,School,3B2,,10092263,,Training Partner,01/08/2025,,,
232,Beckfoot Trust Teacher Training,Beckfoot Trust Teacher Training,School,1MU,,10059960,,Training Partner,01/08/2025,,,
233,BEC Teacher Training,BEC Teacher Training,School,B28,5503,10058882,,Training Partner,01/08/2025,,,
234,Bedgrove Infant School,Bedgrove Infant School,School,1YP,,10078291,,Training Partner,01/08/2025,,,
235,Beech Hill,Beech Hill,School,14G,,10063983,,Training Partner,01/08/2025,,,
236,Bellevue Place SCITT,Bellevue Place SCITT,School,3V4,,10059611,,Training Partner,01/08/2025,,,
237,Benfleet TSA (Teacher Training),Benfleet TSA (Teacher Training),School,1JH,,10033256,,Training Partner,01/08/2025,,,
238,Bengeworth Multi Academy Trust,Bengeworth Multi Academy Trust,School,2JC,,10046169,,Training Partner,01/08/2025,,,
239,Benton Dene School,Benton Dene School,School,18O,,10077003,,Training Partner,01/08/2025,,,
240,Berlesduna Academy Trust Teacher Training,Berlesduna Academy Trust Teacher Training,School,2D6,,10057789,,Training Partner,01/08/2025,,,
241,Billericay School,Billericay School,School,1PT,,10034119,,Training Partner,01/08/2025,,,
242,Bingley Grammar Teacher Training,Bingley Grammar Teacher Training,School,2BP,,10000697,,Training Partner,01/08/2025,,,
243,Birkenhead North Schools Partnership,Birkenhead North Schools Partnership,School,2F7,,10074953,,Training Partner,01/08/2025,,,
244,Bishop Challoner Catholic College,Bishop Challoner Catholic College,HEI,6K6,,10000722,,Training Partner,01/08/2025,,,
245,Bishop’s Stortford Initial Teacher Training,Bishop’s Stortford Initial Teacher Training,School,13E,,10059068,,Training Partner,01/08/2025,,,
246,Bishop’s Stortford SCITT,Bishop’s Stortford SCITT,School,26T,5686,10059068,,Training Partner,01/08/2025,,,
247,Bitterne Park Teacher Training Alliance,Bitterne Park Teacher Training Alliance,School,1F6,,10014998,,Training Partner,01/08/2025,,,
248,Black Country Regional Training Hub University of Worcester,Black Country Regional Training Hub University of Worcester,School,2BC,,10007139,,Training Partner,01/08/2025,,,
249,Black Pear Teaching Alliance,Black Pear Teaching Alliance,School,2HC,,10060754,,Training Partner,01/08/2025,,,
250,Blackpool Sea View Trust ITT,Blackpool Sea View Trust ITT,School,1XH,,10043075,,Training Partner,01/08/2025,,,
251,Blessed Christopher Wharton Catholic Academy Trust,Blessed Christopher Wharton Catholic Academy Trust,School,13K,,10087141,,Training Partner,01/08/2025,,,
252,Blessed Thomas Holford Catholic College,Blessed Thomas Holford Catholic College,School,1YR,,10015044,,Training Partner,01/08/2025,,,
253,Bluecoat Academy,Bluecoat Academy,School,12W,,10052837,,Training Partner,01/08/2025,,,
254,Blue Kite Academy Trust,Blue Kite Academy Trust,School,2HL,,10061050,,Training Partner,01/08/2025,,,
255,Blue Sky,Blue Sky,School,21L,,10007832,,Training Partner,01/08/2025,,,
256,BMAT Education,BMAT Education,School,5B4,,10059426,,Training Partner,01/08/2025,,,
257,Bohunt Education Trust,Bohunt Education Trust,School,1DP,,10033361,,Training Partner,01/08/2025,,,
258,Bordesley Multi Academy Trust,Bordesley Multi Academy Trust,School,5F5,,10059134,,Training Partner,01/08/2025,,,
259,Bosco Sussex,Bosco Sussex,School,1KY,,10063488,,Training Partner,01/08/2025,,,
260,Bosco with the University of Sussex,Bosco with the University of Sussex,School,5B3,,10063488,,Training Partner,01/08/2025,,,
261,Bridge Multi Academy Trust,Bridge Multi Academy Trust,School,J23,,10059260,,Training Partner,01/08/2025,,,
262,Bridging the Tamar Learning Alliance,Bridging the Tamar Learning Alliance,School,165,,10059114,,Training Partner,01/08/2025,,,
263,Brighton Hove and Sussex Schools Alliance,Brighton Hove and Sussex Schools Alliance,School,1KN,,10007212,,Training Partner,01/08/2025,,,
264,"Brighton, Hove and Sussex Schools and Colleges Alliance with the University of Sussex","Brighton, Hove and Sussex Schools and Colleges Alliance with the University of Sussex",School,4B5,,10007212,,Training Partner,01/08/2025,,,
265,Brigshaw Learning Partnership,Brigshaw Learning Partnership,School,4B1,,10057632,,Training Partner,01/08/2025,,,
266,Bristol Excalibur Academies Trust,Bristol Excalibur Academies Trust,School,6H5,,10059937,,Training Partner,01/08/2025,,,
267,Brockhill Park,Brockhill Park,School,19C,,10035076,,Training Partner,01/08/2025,,,
268,Bromley Schools’ Collegiate School Direct,Bromley Schools’ Collegiate School Direct,School,1C9,,10033362,,Training Partner,01/08/2025,,,
269,Bronte Academy Trust,Bronte Academy Trust,School,7H7,,10061184,,Training Partner,01/08/2025,,,
270,Brunswick Park Alliance,Brunswick Park Alliance,School,267,,10071299,,Training Partner,01/08/2025,,,
271,BTSA (Accredited by the University of Derby),BTSA (Accredited by the University of Derby),School,14D,,10007851,,Training Partner,01/08/2025,,,
272,Burnham Teaching Partnership,Burnham Teaching Partnership,School,1MT,,10035483,,Training Partner,01/08/2025,,,
273,Burnt Mill Academy,Burnt Mill Academy,School,2GY,,10035847,,Training Partner,01/08/2025,,,
274,Cabot Learning Federation,Cabot Learning Federation,School,4C1,,Not found,,Training Partner,01/08/2025,,,
275,Calthorpe Park North East Hants and Surrey Borders Consortium,Calthorpe Park North East Hants and Surrey Borders Consortium,School,1UH,,10015239,,Training Partner,01/08/2025,,,
276,Cambridge Meridian Academies Trust & Swavesey Village College,Cambridge Meridian Academies Trust & Swavesey Village College,School,2KU,,10033420,,Training Partner,01/08/2025,,,
277,Campus Tees Schools Alliance,Campus Tees Schools Alliance,School,2JJ,,10057507,,Training Partner,01/08/2025,,,
278,Cardinal Hume Catholic School,Cardinal Hume Catholic School,School,198,,10036181,,Training Partner,01/08/2025,,,
279,Cardinal Newman ITT Hub,Cardinal Newman ITT Hub,School,5E0,,10001165,,Training Partner,01/08/2025,,,
280,Carlisle Schools Alliance,Carlisle Schools Alliance,School,136,,10034763,,Training Partner,01/08/2025,,,
281,Carlton Academy Trust Teacher Training,Carlton Academy Trust Teacher Training,School,3E0,,10083491,,Training Partner,01/08/2025,,,
282,Carmel College,Carmel College,School,1KF,,10055116,,Training Partner,01/08/2025,,,
283,Carmel Teacher Training Partnership (CTTP),Carmel Teacher Training Partnership (CTTP),School,C23,5581,10055116,,Training Partner,01/08/2025,,,
284,Castle Hill School,Castle Hill School,School,4C4,,10054655,,Training Partner,01/08/2025,,,
285,Castleman Learning Network,Castleman Learning Network,School,1RP,,10046893,,Training Partner,01/08/2025,,,
286,Castle Newnham Partnership,Castle Newnham Partnership,School,29R,,10007152,,Training Partner,01/08/2025,,,
287,Castle Phoenix Alliance,Castle Phoenix Alliance,School,179,,10040289,,Training Partner,01/08/2025,,,
288,Castle View Enterprise Teaching Alliance,Castle View Enterprise Teaching Alliance,School,2FS,,10027530,,Training Partner,01/08/2025,,,
289,Cathedral Schools Trust,Cathedral Schools Trust,School,2HN,,10058233,,Training Partner,01/08/2025,,,
290,Catholic Schools’ Partnership,Catholic Schools’ Partnership,School,134,,Not found,,Training Partner,01/08/2025,,,
291,CAT Institute of Education,CAT Institute of Education,School,17B,,10032964,,Training Partner,01/08/2025,,,
292,Central Learning Partnership Trust,Central Learning Partnership Trust,School,1VG,,10035949,,Training Partner,01/08/2025,,,
293,Chauncy Training Partnership,Chauncy Training Partnership,School,1RK,,10034843,,Training Partner,01/08/2025,,,
294,Chepping View Primary Academy,Chepping View Primary Academy,School,138,,10036917,,Training Partner,01/08/2025,,,
295,Cheshire Leadership & Teaching Alliance,Cheshire Leadership & Teaching Alliance,School,144,,10038606,,Training Partner,01/08/2025,,,
296,Chester Diocesan Academies Trust,Chester Diocesan Academies Trust,School,3C5,,10045107,,Training Partner,01/08/2025,,,
297,Chichester High School,Chichester High School,School,2GC,,10043063,,Training Partner,01/08/2025,,,
298,Chorus Education Trust and Sheffield Teacher Training Alliance,Chorus Education Trust and Sheffield Teacher Training Alliance,School,1N5,,10039996,,Training Partner,01/08/2025,,,
299,"Christ Church Primary School, Hampstead","Christ Church Primary School, Hampstead",School,1VM,,10074742,,Training Partner,01/08/2025,,,
300,Chrysalis Multi Academy Trust,Chrysalis Multi Academy Trust,School,5C2,,10058610,,Training Partner,01/08/2025,,,
301,City of Liverpool College,City of Liverpool College,School,L43,,10003955,,Training Partner,01/08/2025,,,
302,City of London Academies Trust (COLAT) SCITT,City of London Academies Trust (COLAT) SCITT,School,4C3,,10058170,,Training Partner,01/08/2025,,,
303,Cleeve School,Cleeve School,School,3B6,,10033702,,Training Partner,01/08/2025,,,
304,CMAT Stamford Welland Academy,CMAT Stamford Welland Academy,School,9J1,,10035739,,Training Partner,01/08/2025,,,
305,CMAT West Town Primary,CMAT West Town Primary,School,1DT,,10045926,,Training Partner,01/08/2025,,,
306,Coastal Academies Trust,Coastal Academies Trust,School,4C5,,10058585,,Training Partner,01/08/2025,,,
307,Colmore Partnership Training School Alliance,Colmore Partnership Training School Alliance,School,19Q,,Not found,,Training Partner,01/08/2025,,,
308,Connect Education Trust,Connect Education Trust,School,189,,10057790,,Training Partner,01/08/2025,,,
309,Consortium Multi Academy Trust,Consortium Multi Academy Trust,School,2J7,,10061190,,Training Partner,01/08/2025,,,
310,Co op Academies Trust,Co op Academies Trust,School,2X4,,10030216,,Training Partner,01/08/2025,,,
311,Cornwall Education Learning Trust (CELT),Cornwall Education Learning Trust (CELT),School,4C8,,10055139,,Training Partner,01/08/2025,,,
312,Court Moor Partnership,Court Moor Partnership,School,2J8,,10015454,,Training Partner,01/08/2025,,,
313,Coventry and Central Warwickshire Teaching School Hub,Coventry and Central Warwickshire Teaching School Hub,School,1GH,,10047140,,Training Partner,01/08/2025,,,
314,Cranford Community College,Cranford Community College,School,265,,10033241,,Training Partner,01/08/2025,,,
315,Creative Education Trust,Creative Education Trust,School,5A1,,10042706,,Training Partner,01/08/2025,,,
316,CREC Early Years Partnership,CREC Early Years Partnership,School,25R,5683,10033424,,Training Partner,01/08/2025,,,
317,CTSN@Essex Primary SCITT,CTSN@Essex Primary SCITT,School,4E6,,10055220,,Training Partner,01/08/2025,,,
318,Culcheth Campus,Culcheth Campus,School,4F5,,10001791,,Training Partner,01/08/2025,,,
319,Cumbria Education Trust,Cumbria Education Trust,School,3Q2,,10049508,,Training Partner,01/08/2025,,,
320,Cumbria Primary Teacher Training,Cumbria Primary Teacher Training,School,C97,5512,10048041,,Training Partner,01/08/2025,,,
321,Dacorum Schools Alliance,Dacorum Schools Alliance,School,1HS,,10007147,,Training Partner,01/08/2025,,,
322,Danes Educational Trust,Danes Educational Trust,School,3D3,,10058906,,Training Partner,01/08/2025,,,
323,Darlington West Park Partnership,Darlington West Park Partnership,School,1DB,,10033825,,Training Partner,01/08/2025,,,
324,David Ross Education Trust,David Ross Education Trust,School,3FE,,10004113,,Training Partner,01/08/2025,,,
325,Debden Park High School,Debden Park High School,School,2AP,,10033412,,Training Partner,01/08/2025,,,
326,De Montfort University,De Montfort University,HEI,D73,,10001883,,Training Partner,01/08/2025,,,
327,Denbigh High School,Denbigh High School,School,1D2,,10032194,,Training Partner,01/08/2025,,,
328,Devonport High School for Boys,Devonport High School for Boys,School,2LB,,10033019,,Training Partner,01/08/2025,,,
329,Deyes High School,Deyes High School,School,1CD,,10035012,,Training Partner,01/08/2025,,,
330,Diocese of Westminster Academy Trust,Diocese of Westminster Academy Trust,School,2W5,,10059577,,Training Partner,01/08/2025,,,
331,Diocese of Worcester Multi Academy Trust,Diocese of Worcester Multi Academy Trust,School,6H6,,10064288,,Training Partner,01/08/2025,,,
332,Diverse Academies Trust,Diverse Academies Trust,School,12K,,10034870,,Training Partner,01/08/2025,,,
333,Dixons Academies Trust,Dixons Academies Trust,School,1EP,,10001992,,Training Partner,01/08/2025,,,
334,Doncaster ITT Partnership,Doncaster ITT Partnership,School,D51,5600,10002008,,Training Partner,01/08/2025,,,
335,drb Ignite Multi Academy Trust,drb Ignite Multi Academy Trust,School,5D3,,10060889,,Training Partner,01/08/2025,,,
336,Dudley Academies Trust SCITT,Dudley Academies Trust SCITT,School,4D1,,10066093,,Training Partner,01/08/2025,,,
337,Dulwich College,Dulwich College,School,3D1,,10015447,,Training Partner,01/08/2025,,,
338,Dunmow Excellence in Education Partnership (DEEP),Dunmow Excellence in Education Partnership (DEEP),School,C56,,10073673,,Training Partner,01/08/2025,,,
339,Durham Johnston Comprehensive School,Durham Johnston Comprehensive School,School,4D3,,10002066,,Training Partner,01/08/2025,,,
340,Durham Schools Together,Durham Schools Together,School,2DP,,10072165,,Training Partner,01/08/2025,,,
341,Durham St Margaret’s,Durham St Margaret’s,School,2FF,,10073790,,Training Partner,01/08/2025,,,
342,Durham University,Durham University,HEI,D86,1543,10007143,,Training Partner,01/08/2025,,,
343,Eastbourne Area School District Alliance,Eastbourne Area School District Alliance,School,1J5,,10015514,,Training Partner,01/08/2025,,,
344,Eastbourne Area School District Alliance with the University of Sussex,Eastbourne Area School District Alliance with the University of Sussex,School,3R2,,10015514,,Training Partner,01/08/2025,,,
345,East Herts Partnership,East Herts Partnership,School,1VT,,10035495,,Training Partner,01/08/2025,,,
346,East of England Teacher Training,East of England Teacher Training,School,2B6,5704,10052840,,Training Partner,01/08/2025,,,
347,East One Partnership,East One Partnership,School,E1P,,10078399,,Training Partner,01/08/2025,,,
348,Eastwood Park Academy Trust,Eastwood Park Academy Trust,School,2G1,,10034832,,Training Partner,01/08/2025,,,
349,Eden Academy Trust,Eden Academy Trust,School,5E1,,10060479,,Training Partner,01/08/2025,,,
350,Eden Learning Trust,Eden Learning Trust,School,2LW,,10067657,,Training Partner,01/08/2025,,,
351,Eleanor Palmer Primary School,Eleanor Palmer Primary School,School,14F,,10078057,,Training Partner,01/08/2025,,,
352,Elston Hall Learning Trust,Elston Hall Learning Trust,School,2JA,,10061031,,Training Partner,01/08/2025,,,
353,Embrace SCITT @ Endeavour Learning Trust,Embrace SCITT @ Endeavour Learning Trust,School,M70,5619,10059445,,Training Partner,01/08/2025,,,
354,Embrace SCITT @ LET Education Trust,Embrace SCITT @ LET Education Trust,School,P38,5621,10060518,,Training Partner,01/08/2025,,,
355,Embrace SCITT @ Rowan Learning Trust,Embrace SCITT @ Rowan Learning Trust,School,3R5,,10059724,,Training Partner,01/08/2025,,,
356,Emmaus CAT ITT,Emmaus CAT ITT,School,4E7,,10086423,,Training Partner,01/08/2025,,,
357,Endeavour Multi Academy Trust,Endeavour Multi Academy Trust,School,60,,10058938,,Training Partner,01/08/2025,,,
358,Enhance Academy Trust SCITT,Enhance Academy Trust SCITT,School,3E6,,10036918,,Training Partner,01/08/2025,,,
359,EQUA Mead Futures,EQUA Mead Futures,School,2Q4,,10058424,,Training Partner,01/08/2025,,,
360,Essex Schools ITT,Essex Schools ITT,School,1OS,,10035578,,Training Partner,01/08/2025,,,
361,ETT@Northern Education Trust (NET),ETT@Northern Education Trust (NET),School,1UR,,10055739,,Training Partner,01/08/2025,,,
362,ETT@Tykes Teaching Alliance,ETT@Tykes Teaching Alliance,School,2C3,,10043460,,Training Partner,01/08/2025,,,
363,Exceed Teaching School Hub,Exceed Teaching School Hub,School,278,,10057431,,Training Partner,01/08/2025,,,
364,Excelsior MAT,Excelsior MAT,School,8F8,,10060213,,Training Partner,01/08/2025,,,
365,Exeter College,Exeter College,HEI,4E4,,10002370,,Training Partner,01/08/2025,,,
366,Exeter Consortium,Exeter Consortium,School,1QX,,10063074,,Training Partner,01/08/2025,,,
367,Exning Primary School,Exning Primary School,School,1JM,,Not found,,Training Partner,01/08/2025,,,
368,Fairfield Infant School,Fairfield Infant School,School,1VQ,,10080422,,Training Partner,01/08/2025,,,
369,Fareham and Gosport Primary SCITT,Fareham and Gosport Primary SCITT,School,25M,5681,10048033,,Training Partner,01/08/2025,,,
370,Fenland Alliance,Fenland Alliance,School,1XY,,10007152,,Training Partner,01/08/2025,,,
371,FIPC (Hazelwood Schools),FIPC (Hazelwood Schools),School,15T,,10046090,,Training Partner,01/08/2025,,,
372,Forest Learning Alliance,Forest Learning Alliance,School,1HW,,Not found,,Training Partner,01/08/2025,,,
373,Forest Way Initial Teacher Training,Forest Way Initial Teacher Training,School,1L8,,10036610,,Training Partner,01/08/2025,,,
374,Forty Hill CofE Primary School,Forty Hill CofE Primary School,School,2L8,,10073980,,Training Partner,01/08/2025,,,
375,Frank Field Education Trust Be More SCITT,Frank Field Education Trust Be More SCITT,School,4F3,,10081880,,Training Partner,01/08/2025,,,
376,Futura Teacher Training,Futura Teacher Training,School,3F5,,10059285,,Training Partner,01/08/2025,,,
377,Futures Teaching,Futures Teaching,School,2KR,,10043454,,Training Partner,01/08/2025,,,
378,Gateshead Schools Direct,Gateshead Schools Direct,School,1EW,,10090323,,Training Partner,01/08/2025,,,
379,Generate Teaching Hub,Generate Teaching Hub,School,15R,,10057459,,Training Partner,01/08/2025,,,
380,Geoffrey Field Junior School,Geoffrey Field Junior School,School,1QL,,10079852,,Training Partner,01/08/2025,,,
381,George Abbot SCITT,George Abbot SCITT,School,G12,5580,10055368,,Training Partner,01/08/2025,,,
382,George Abbot SCITT School Direct,George Abbot SCITT School Direct,School,1OV,,Not found,,Training Partner,01/08/2025,,,
383,Glenthorne High School,Glenthorne High School,School,17J,,10034150,,Training Partner,01/08/2025,,,
384,GLF Teacher Training,GLF Teacher Training,School,2B4,5702,10053217,,Training Partner,01/08/2025,,,
385,Godalming Learning Partnership,Godalming Learning Partnership,School,2JT,,10072769,,Training Partner,01/08/2025,,,
386,Goldington Academy,Goldington Academy,School,2DM,,10033281,,Training Partner,01/08/2025,,,
387,Greater Manchester ITT St Patrick’s Centre of Educational Excellence,Greater Manchester ITT St Patrick’s Centre of Educational Excellence,School,18A,,10018025,,Training Partner,01/08/2025,,,
388,Greenheart Primary Teacher Training,Greenheart Primary Teacher Training,School,4G1,,10060124,,Training Partner,01/08/2025,,,
389,Greenholm Primary School,Greenholm Primary School,School,19R,,10038624,,Training Partner,01/08/2025,,,
390,Green Park Primary School,Green Park Primary School,School,2F6,,10070130,,Training Partner,01/08/2025,,,
391,Greenwich Learning Partnership,Greenwich Learning Partnership,School,185,,10006893,,Training Partner,01/08/2025,,,
392,Greenwood Academies Trust,Greenwood Academies Trust,School,1EX,,10034998,,Training Partner,01/08/2025,,,
393,Grey Court Training School,Grey Court Training School,School,22S,,10039056,,Training Partner,01/08/2025,,,
394,Haberdashers’ Academies Trust South,Haberdashers’ Academies Trust South,School,1KP,,10058159,,Training Partner,01/08/2025,,,
395,Hackney Teaching Schools’ Alliance,Hackney Teaching Schools’ Alliance,School,1V9,,10078024,,Training Partner,01/08/2025,,,
396,Haggerston School,Haggerston School,School,H76,,10092729,,Training Partner,01/08/2025,,,
397,Hagley Catholic High School,Hagley Catholic High School,School,7G8,,10047639,,Training Partner,01/08/2025,,,
398,Hales Valley Teaching Hub,Hales Valley Teaching Hub,School,18E,,10061958,,Training Partner,01/08/2025,,,
399,Halterworth Training School Partnership,Halterworth Training School Partnership,School,1A8,,10086663,,Training Partner,01/08/2025,,,
400,Hastings and Rother Alliance,Hastings and Rother Alliance,School,1L9,,10017797,,Training Partner,01/08/2025,,,
401,Hastings and Rother Alliance with the University of Sussex,Hastings and Rother Alliance with the University of Sussex,School,4H2,,10017797,,Training Partner,01/08/2025,,,
402,Hatton Centre for Education,Hatton Centre for Education,School,1Y7,,10036614,,Training Partner,01/08/2025,,,
403,Havering Train2Teach,Havering Train2Teach,School,178,,10069441,,Training Partner,01/08/2025,,,
404,Haverstock School,Haverstock School,School,4H3,,10002938,,Training Partner,01/08/2025,,,
405,HEART Academies Trust,HEART Academies Trust,School,5H2,,10058270,,Training Partner,01/08/2025,,,
406,Henry Maynard Training E17,Henry Maynard Training E17,School,2AW,5692,10053211,,Training Partner,01/08/2025,,,
407,Hereteach Alliance,Hereteach Alliance,School,22V,,10062355,,Training Partner,01/08/2025,,,
408,High Force Education (SCITT),High Force Education (SCITT),School,H38,5520,10046049,,Training Partner,01/08/2025,,,
409,Hillingdon SCITT,Hillingdon SCITT,School,2B5,5703,10059208,,Training Partner,01/08/2025,,,
410,HISP Teacher Training,HISP Teacher Training,School,1X9,5643,10033571,,Training Partner,01/08/2025,,,
411,Hitchin Boys’ School,Hitchin Boys’ School,School,1QY,,10039989,,Training Partner,01/08/2025,,,
412,Holy Cross Catholic Multi Academy Company,Holy Cross Catholic Multi Academy Company,School,6J6,,10084072,,Training Partner,01/08/2025,,,
413,Holy Spirit MAC,Holy Spirit MAC,School,S89,,10048920,,Training Partner,01/08/2025,,,
414,Holy Trinity CofE Primary School,Holy Trinity CofE Primary School,School,292,,10073971,,Training Partner,01/08/2025,,,
415,Horizon Academy Trust Teacher Training,Horizon Academy Trust Teacher Training,School,1OL,,10044816,,Training Partner,01/08/2025,,,
416,Hudson Primary School,Hudson Primary School,School,2F5,,10069137,,Training Partner,01/08/2025,,,
417,Hull SCITT,Hull SCITT,School,25O,5684,10055359,,Training Partner,01/08/2025,,,
418,Hungerhill BFLPT,Hungerhill BFLPT,School,298,,10036542,,Training Partner,01/08/2025,,,
419,Hursthead Junior School Alliance,Hursthead Junior School Alliance,School,27X,,10046173,,Training Partner,01/08/2025,,,
420,Ignite Institute,Ignite Institute,School,22A,,10046195,,Training Partner,01/08/2025,,,
421,Inclusive Schools Trust,Inclusive Schools Trust,School,2JE,,10064197,,Training Partner,01/08/2025,,,
422,Infinity Academies Trust,Infinity Academies Trust,School,C21,,10060289,,Training Partner,01/08/2025,,,
423,Initio Learning Trust,Initio Learning Trust,School,1I2,,10060921,,Training Partner,01/08/2025,,,
424,Innovation Training and Recruitment,Innovation Training and Recruitment,School,F56,,10094417,,Training Partner,01/08/2025,,,
425,Insignis Academy Trust SCITT,Insignis Academy Trust SCITT,School,3I5,,10034108,,Training Partner,01/08/2025,,,
426,Inspire Education Trust,Inspire Education Trust,School,3I2,,10061026,,Training Partner,01/08/2025,,,
427,Inspiring Leaders Primary (Derbyshire),Inspiring Leaders Primary (Derbyshire),School,5W1,,10088528,,Training Partner,01/08/2025,,,
428,Inspiring Leaders Primary (Leicester and Rutland),Inspiring Leaders Primary (Leicester and Rutland),School,1BJ,,10055365,,Training Partner,01/08/2025,,,
429,Inspiring Leaders Primary (Nottingham and Mansfield),Inspiring Leaders Primary (Nottingham and Mansfield),School,24H,,10088528,,Training Partner,01/08/2025,,,
430,"Inspiring Leaders Secondary (Leicestershire, Rutland and Northampton)","Inspiring Leaders Secondary (Leicestershire, Rutland and Northampton)",School,4R4,,10088528,,Training Partner,01/08/2025,,,
431,Inspiring Leaders Secondary (Nottingham and Derbyshire),Inspiring Leaders Secondary (Nottingham and Derbyshire),School,2A5,,10088528,,Training Partner,01/08/2025,,,
432,Invictus Education Trust,Invictus Education Trust,School,2I2,,10047463,,Training Partner,01/08/2025,,,
433,Ironstone Academy Trust SCITT,Ironstone Academy Trust SCITT,School,3I4,,10060801,,Training Partner,01/08/2025,,,
434,Jewish Schools Direct Primary Consortium (LSJS),Jewish Schools Direct Primary Consortium (LSJS),School,1CP,,10082385,,Training Partner,01/08/2025,,,
435,John Taylor High School,John Taylor High School,School,1L6,,10032188,,Training Partner,01/08/2025,,,
436,Josie Thirkell Institute of Education,Josie Thirkell Institute of Education,School,1GW,,10048068,,Training Partner,01/08/2025,,,
437,Kent Catholic Schools’ Partnership Initial Teacher Training,Kent Catholic Schools’ Partnership Initial Teacher Training,School,4K1,,10060024,,Training Partner,01/08/2025,,,
438,Kent Oaks Consortium,Kent Oaks Consortium,School,2CC,,10030458,,Training Partner,01/08/2025,,,
439,Kent Oaks Consortium with the University of Sussex,Kent Oaks Consortium with the University of Sussex,School,2O2,,10030458,,Training Partner,01/08/2025,,,
440,Kirklees and Calderdale SCITT,Kirklees and Calderdale SCITT,School,1WK,5612,10003692,,Training Partner,01/08/2025,,,
441,Laidlaw Teacher Training Partnership,Laidlaw Teacher Training Partnership,School,4B4,,Not found,,Training Partner,01/08/2025,,,
442,Lampton LWA SCITT,Lampton LWA SCITT,School,2AY,5696,10031352,,Training Partner,01/08/2025,,,
443,Landau Forte Teacher Training,Landau Forte Teacher Training,School,186,5650,10018562,,Training Partner,01/08/2025,,,
444,LDST North West Teacher Training,LDST North West Teacher Training,School,4L2,,10060879,,Training Partner,01/08/2025,,,
445,Learners First Schools Partnership,Learners First Schools Partnership,School,1GX,,10045188,,Training Partner,01/08/2025,,,
446,Learning In Harmony Teacher Training,Learning In Harmony Teacher Training,School,2H5,,10046984,,Training Partner,01/08/2025,,,
447,LEARN with FA1,LEARN with FA1,School,3L1,,10060074,,Training Partner,01/08/2025,,,
448,Leeds SCITT,Leeds SCITT,School,L26,5568,10003863,,Training Partner,01/08/2025,,,
449,Leicester & Leicestershire SCITT,Leicester & Leicestershire SCITT,School,L35,5569,10046132,,Training Partner,01/08/2025,,,
450,Leicestershire and Rutland Initial Teacher Training,Leicestershire and Rutland Initial Teacher Training,School,5L3,,10024318,,Training Partner,01/08/2025,,,
451,Lift Schools: East,Lift Schools: East,School,2CG,,10033736,,Training Partner,01/08/2025,,,
452,Lift Schools: London and South,Lift Schools: London and South,School,2CH,,10033736,,Training Partner,01/08/2025,,,
453,Lift Schools: Midlands,Lift Schools: Midlands,School,2CJ,,10033736,,Training Partner,01/08/2025,,,
454,Lift Schools: North,Lift Schools: North,School,2CK,,10033736,,Training Partner,01/08/2025,,,
455,Lift Schools: South West,Lift Schools: South West,School,2E1,,10033736,,Training Partner,01/08/2025,,,
456,Lighthouse Learning Partnership,Lighthouse Learning Partnership,School,16Z,,10058855,,Training Partner,01/08/2025,,,
457,Lime Trust,Lime Trust,School,3L2,,10060895,,Training Partner,01/08/2025,,,
458,Lincolnshire Gateway Academies Trust,Lincolnshire Gateway Academies Trust,School,3L7,,10059809,,Training Partner,01/08/2025,,,
459,Lincroft Academy,Lincroft Academy,School,235,,10065849,,Training Partner,01/08/2025,,,
460,Lingfield SCITT,Lingfield SCITT,School,6L2,,10059742,,Training Partner,01/08/2025,,,
461,"Linwood Training, Support and Advice","Linwood Training, Support and Advice",School,1X3,,10017916,,Training Partner,01/08/2025,,,
462,Lionheart Teach,Lionheart Teach,School,1O8,,10055191,,Training Partner,01/08/2025,,,
463,Little Lever Train to Teach,Little Lever Train to Teach,School,8J8,,10024318,,Training Partner,01/08/2025,,,
464,Littleton CofE Infant School,Littleton CofE Infant School,School,2HR,,10079622,,Training Partner,01/08/2025,,,
465,Liverpool Teacher Development Partnership,Liverpool Teacher Development Partnership,School,2T3,,10006188,,Training Partner,01/08/2025,,,
466,London District East Teaching School Hub,London District East Teaching School Hub,School,5U5,,10064183,,Training Partner,01/08/2025,,,
467,London South Bank University,London South Bank University,HEI,L75,1528,10004078,,Training Partner,01/08/2025,,,
468,London South Teaching School Hub,London South Teaching School Hub,School,8L5,,10056990,,Training Partner,01/08/2025,,,
469,London West Alliance ITT,London West Alliance ITT,School,1P8,,10031352,,Training Partner,01/08/2025,,,
470,Loreto Grammar School Lead Partner,Loreto Grammar School Lead Partner,School,1H2,,10038100,,Training Partner,01/08/2025,,,
471,Lumen Christi Catholic Multi Academy Company,Lumen Christi Catholic Multi Academy Company,School,6Y6,,10060961,,Training Partner,01/08/2025,,,
472,Magnificat Partnership,Magnificat Partnership,School,2L1,,Not found,,Training Partner,01/08/2025,,,
473,Maiden Erlegh Institute,Maiden Erlegh Institute,School,1Y1,,10033353,,Training Partner,01/08/2025,,,
474,Manchester Prospere Teacher Training,Manchester Prospere Teacher Training,School,3D2,,10046414,,Training Partner,01/08/2025,,,
475,Manor Primary School,Manor Primary School,School,1QO,,10053803,,Training Partner,01/08/2025,,,
476,Maplefields Academy (Mainstream and Special Needs),Maplefields Academy (Mainstream and Special Needs),School,21F,,10065849,,Training Partner,01/08/2025,,,
477,Marlbrook Collaboration of Schools,Marlbrook Collaboration of Schools,School,1Y2,,Not found,,Training Partner,01/08/2025,,,
478,Melrose Learning Trust,Melrose Learning Trust,School,4M2,,10034923,,Training Partner,01/08/2025,,,
479,Merseyside Special Schools Alliance,Merseyside Special Schools Alliance,School,27B,,10077028,,Training Partner,01/08/2025,,,
480,Middlefield Primary Academy,Middlefield Primary Academy,School,1C2,,10038094,,Training Partner,01/08/2025,,,
481,Milton Hall Primary School,Milton Hall Primary School,School,2M1,,10069673,,Training Partner,01/08/2025,,,
482,Morley Exceed Partnership,Morley Exceed Partnership,School,2ER,,10054666,,Training Partner,01/08/2025,,,
483,Mornington Primary School,Mornington Primary School,School,2K4,,10066979,,Training Partner,01/08/2025,,,
484,Mortimer Primary School,Mortimer Primary School,School,9A8,,10072196,,Training Partner,01/08/2025,,,
485,Mosaic Schools Learning Trust,Mosaic Schools Learning Trust,School,8A1,,10059391,,Training Partner,01/08/2025,,,
486,Mowbray Education Trust,Mowbray Education Trust,School,8H9,,10059338,,Training Partner,01/08/2025,,,
487,Mulberry Schools Trust,Mulberry Schools Trust,School,1CW,,10061562,,Training Partner,01/08/2025,,,
488,NEAT ITT,NEAT ITT,School,1L1,,10064236,,Training Partner,01/08/2025,,,
489,Nene Park Academy,Nene Park Academy,School,6N8,,10034976,,Training Partner,01/08/2025,,,
490,Newbury ITE Partnership,Newbury ITE Partnership,School,1RM,,10038188,,Training Partner,01/08/2025,,,
491,Newham Community SCITT,Newham Community SCITT,School,4M4,,10068263,,Training Partner,01/08/2025,,,
492,Newman Teaching Academy,Newman Teaching Academy,School,3N4,,10060469,,Training Partner,01/08/2025,,,
493,Newport Junior School,Newport Junior School,School,175,,10064119,,Training Partner,01/08/2025,,,
494,Nexus Education Schools Trust,Nexus Education Schools Trust,School,N3Z,,10060657,,Training Partner,01/08/2025,,,
495,Nicholas Postgate Catholic Academy Trust,Nicholas Postgate Catholic Academy Trust,School,2DW,,10053805,,Training Partner,01/08/2025,,,
496,NIoT@Alban TSH,NIoT@Alban TSH,School,1MN,5610,10058506,,Training Partner,01/08/2025,,,
497,NIoT@David Ross Education Trust,NIoT@David Ross Education Trust,School,1FE,,10007149,,Training Partner,01/08/2025,,,
498,NIoT@Harris Initial Teacher Education,NIoT@Harris Initial Teacher Education,School,1TZ,,10090839,,Training Partner,01/08/2025,,,
499,NIoT@Inspiration,NIoT@Inspiration,School,2H7,5717,10090839,,Training Partner,01/08/2025,,,
500,NIoT@Kernow Initial Teacher Education,NIoT@Kernow Initial Teacher Education,School,21J,,10007792,,Training Partner,01/08/2025,,,
501,NIoT@Laurus Institute,NIoT@Laurus Institute,School,4L3,,10054410,,Training Partner,01/08/2025,,,
502,NIoT@LearnAT,NIoT@LearnAT,School,5J5,,10007796,,Training Partner,01/08/2025,,,
503,NIoT@LEO Academy Trust,NIoT@LEO Academy Trust,School,4L1,,10058553,,Training Partner,01/08/2025,,,
504,NIoT@Liverpool,NIoT@Liverpool,School,3L4,,10090839,,Training Partner,01/08/2025,,,
505,NIoT@Northumberland Teacher Training,NIoT@Northumberland Teacher Training,School,19E,,10035957,,Training Partner,01/08/2025,,,
506,NIoT@Oasis Community Learning,NIoT@Oasis Community Learning,School,7K9,,10090839,,Training Partner,01/08/2025,,,
507,NIoT@Ormiston Teacher Training Norfolk,NIoT@Ormiston Teacher Training Norfolk,School,3P4,,10090839,,Training Partner,01/08/2025,,,
508,NIoT@Ormiston Teacher Training North,NIoT@Ormiston Teacher Training North,School,24P,5654,10090839,,Training Partner,01/08/2025,,,
509,NIoT@Ormiston Teacher Training West,NIoT@Ormiston Teacher Training West,School,2P4,,10090839,,Training Partner,01/08/2025,,,
510,NIoT@Outwood Grange Academies Trust,NIoT@Outwood Grange Academies Trust,School,1GV,,10090839,,Training Partner,01/08/2025,,,
511,NIoT@Pen Green Centre,NIoT@Pen Green Centre,School,21P,,10034200,,Training Partner,01/08/2025,,,
512,NIoT@Rainbow TSH,NIoT@Rainbow TSH,School,4R3,,10060884,,Training Partner,01/08/2025,,,
513,NIoT@Star Academies,NIoT@Star Academies,School,2A6,5687,10090839,,Training Partner,01/08/2025,,,
514,NIoT@Star Academies Graduate Apprentices,NIoT@Star Academies Graduate Apprentices,School,5A6,,10090839,,Training Partner,01/08/2025,,,
515,NIoT@The White Horse Federation,NIoT@The White Horse Federation,School,4W2,,10034817,,Training Partner,01/08/2025,,,
516,NIoT@Trinity Institute of Education,NIoT@Trinity Institute of Education,School,1YF,,10029939,,Training Partner,01/08/2025,,,
517,NIoT@Unity,NIoT@Unity,School,2U6,,10058379,,Training Partner,01/08/2025,,,
518,NIoT@Windsor Academy Trust,NIoT@Windsor Academy Trust,School,2HE,,10058502,,Training Partner,01/08/2025,,,
519,Norbury School,Norbury School,School,3N2,,10080043,,Training Partner,01/08/2025,,,
520,Northampton School for Boys,Northampton School for Boys,School,16G,,10031382,,Training Partner,01/08/2025,,,
521,Northamptonshire Teaching School Hub,Northamptonshire Teaching School Hub,School,1QM,,10007901,,Training Partner,01/08/2025,,,
522,North East Partnership SCITT (Physical Education),North East Partnership SCITT (Physical Education),School,N55,5559,10003503,,Training Partner,01/08/2025,,,
523,Northern Lights Initial Teacher Training,Northern Lights Initial Teacher Training,School,1YQ,,10036293,,Training Partner,01/08/2025,,,
524,Northern Star Initial Teacher Training,Northern Star Initial Teacher Training,School,255,5656,10057355,,Training Partner,01/08/2025,,,
525,North Essex Teacher Training (NETT),North Essex Teacher Training (NETT),School,N46,5526,10020534,,Training Partner,01/08/2025,,,
526,North London New River Teaching Alliance,North London New River Teaching Alliance,School,1JV,,10034567,,Training Partner,01/08/2025,,,
527,North Star Community Trust,North Star Community Trust,School,6T6,,10058354,,Training Partner,01/08/2025,,,
528,"Northumbria Art, Craft and Design Partnership","Northumbria Art, Craft and Design Partnership",School,2X6,,10001429,,Training Partner,01/08/2025,,,
529,North West Learning Partnership,North West Learning Partnership,School,13N,,10053591,,Training Partner,01/08/2025,,,
530,North West Leicestershire,North West Leicestershire,School,7F6,,10055367,,Training Partner,01/08/2025,,,
531,North West London Train to Teach,North West London Train to Teach,School,4W6,,10024318,,Training Partner,01/08/2025,,,
532,North West SCITT,North West SCITT,School,252,5661,10046861,,Training Partner,01/08/2025,,,
533,North West SHARES SCITT,North West SHARES SCITT,School,N83,5620,10040125,,Training Partner,01/08/2025,,,
534,North Wiltshire SCITT,North Wiltshire SCITT,School,24U,5655,10058663,,Training Partner,01/08/2025,,,
535,North Worcestershire Teacher Training Hub,North Worcestershire Teacher Training Hub,School,3G4,,10040242,,Training Partner,01/08/2025,,,
536,North Worcestershire Teacher Training Hub,North Worcestershire Teacher Training Hub,School,19S,,10043915,,Training Partner,01/08/2025,,,
537,"Notre Dame High School, Norwich","Notre Dame High School, Norwich",School,1GT,,10036613,,Training Partner,01/08/2025,,,
538,Nottingham Catholic Initial Teacher Training Partnership,Nottingham Catholic Initial Teacher Training Partnership,School,1YD,,10059277,,Training Partner,01/08/2025,,,
539,Nower Hill High School,Nower Hill High School,School,4N2,,10034831,,Training Partner,01/08/2025,,,
540,NWAT Futures Hub,NWAT Futures Hub,School,5N2,,10060716,,Training Partner,01/08/2025,,,
541,Oakthorpe Primary School,Oakthorpe Primary School,School,151,,10045988,,Training Partner,01/08/2025,,,
542,Oakwood Academy,Oakwood Academy,School,2CM,,10037232,,Training Partner,01/08/2025,,,
543,Odyssey Collaborative Trust,Odyssey Collaborative Trust,School,1Z4,,10083346,,Training Partner,01/08/2025,,,
544,Odyssey Teaching School Hub,Odyssey Teaching School Hub,School,1ZB,,10032220,,Training Partner,01/08/2025,,,
545,One Excellence Trust,One Excellence Trust,School,3H3,,10064612,,Training Partner,01/08/2025,,,
546,Oriel ITT Partnership,Oriel ITT Partnership,School,2LR,,10016856,,Training Partner,01/08/2025,,,
547,Orion Education,Orion Education,School,3A2,,10058616,,Training Partner,01/08/2025,,,
548,Orleans Park Teaching Alliance,Orleans Park Teaching Alliance,School,2HZ,,10038668,,Training Partner,01/08/2025,,,
549,Ormiston Rivers Academy,Ormiston Rivers Academy,School,4T4,,10034987,,Training Partner,01/08/2025,,,
550,Orwell Teacher Training,Orwell Teacher Training,School,2HP,,10063480,,Training Partner,01/08/2025,,,
551,Our Lady of the Magnificat Multi Academy,Our Lady of the Magnificat Multi Academy,School,3J3,,10060812,,Training Partner,01/08/2025,,,
552,PACE Academy Trust,PACE Academy Trust,School,1O1,,10045671,,Training Partner,01/08/2025,,,
553,Painsley Catholic Academy,Painsley Catholic Academy,School,F72,,10059938,,Training Partner,01/08/2025,,,
554,Palmerston School,Palmerston School,School,1AE,,10016906,,Training Partner,01/08/2025,,,
555,Park View School,Park View School,School,2P1,,10059154,,Training Partner,01/08/2025,,,
556,Parliament Hill School,Parliament Hill School,School,H14,,10004992,,Training Partner,01/08/2025,,,
557,Parmiter’s School,Parmiter’s School,School,1D5,,10034176,,Training Partner,01/08/2025,,,
558,Pathfinder Schools,Pathfinder Schools,School,4P2,,10063586,,Training Partner,01/08/2025,,,
559,Pathfinder Teaching School Hub,Pathfinder Teaching School Hub,School,1VU,,10058625,,Training Partner,01/08/2025,,,
560,Pele Trust Partnership,Pele Trust Partnership,School,16S,,10082400,,Training Partner,01/08/2025,,,
561,Perins Innov 8,Perins Innov 8,School,2DC,,10034823,,Training Partner,01/08/2025,,,
562,Plume Community Teaching Partnership,Plume Community Teaching Partnership,School,1XB,,10035963,,Training Partner,01/08/2025,,,
563,Plymouth Teachers and Schools Alliance,Plymouth Teachers and Schools Alliance,School,1T7,,10037449,,Training Partner,01/08/2025,,,
564,Polaris,Polaris,School,2GW,,Not found,,Training Partner,01/08/2025,,,
565,Potentia Teaching School Hub,Potentia Teaching School Hub,School,5P2,,10007851,,Training Partner,01/08/2025,,,
566,Potteries Educational Trust Teacher Training,Potteries Educational Trust Teacher Training,School,4P5,,10066111,,Training Partner,01/08/2025,,,
567,"Preston Hedges Primary School, Preston Hedges Trust","Preston Hedges Primary School, Preston Hedges Trust",School,4P1,,10039632,,Training Partner,01/08/2025,,,
568,Priestley Partnership,Priestley Partnership,School,7G7,,10064304,,Training Partner,01/08/2025,,,
569,Primary Advantage,Primary Advantage,School,1XW,,10079309,,Training Partner,01/08/2025,,,
570,"Queen Elizabeth’s Grammar School, Horncastle","Queen Elizabeth’s Grammar School, Horncastle",School,2KK,,10038619,,Training Partner,01/08/2025,,,
571,Queen Ethelburga’s College,Queen Ethelburga’s College,School,G17,,10005336,,Training Partner,01/08/2025,,,
572,Reach Teacher Training,Reach Teacher Training,School,7K1,,10037673,,Training Partner,01/08/2025,,,
573,Redborne Upper School And Community College,Redborne Upper School And Community College,School,1R7,,10033274,,Training Partner,01/08/2025,,,
574,Redcar and Cleveland Teacher Training Partnership,Redcar and Cleveland Teacher Training Partnership,School,3L3,,10084206,,Training Partner,01/08/2025,,,
575,Richard Hale School/The Sele School Partnership,Richard Hale School/The Sele School Partnership,School,1N6,,10042280,,Training Partner,01/08/2025,,,
576,Richmond School,Richmond School,School,18L,,10065396,,Training Partner,01/08/2025,,,
577,Ridgeway Education Trust (RET) SCITT,Ridgeway Education Trust (RET) SCITT,School,4R2,,10059844,,Training Partner,01/08/2025,,,
578,Riding Forward Education Alliance,Riding Forward Education Alliance,School,1PU,,10073374,,Training Partner,01/08/2025,,,
579,Rise Multi Academy Trust,Rise Multi Academy Trust,School,4R1,,10059914,,Training Partner,01/08/2025,,,
580,Risley Avenue Primary School,Risley Avenue Primary School,School,29Y,,10076690,,Training Partner,01/08/2025,,,
581,Rivers Teaching Alliance,Rivers Teaching Alliance,School,2B7,,10007139,,Training Partner,01/08/2025,,,
582,Riverview Institute for Teacher Education (RITE),Riverview Institute for Teacher Education (RITE),School,2Z2,,10000580,,Training Partner,01/08/2025,,,
583,Rowan Gate Primary School,Rowan Gate Primary School,School,4G4,,10075272,,Training Partner,01/08/2025,,,
584,Royal Greenwich Hub,Royal Greenwich Hub,School,1G2,,10078039,,Training Partner,01/08/2025,,,
585,Ryders Hayes,Ryders Hayes,School,4T5,,10033094,,Training Partner,01/08/2025,,,
586,Saffron Teaching School Hub,Saffron Teaching School Hub,School,5A7,,10033783,,Training Partner,01/08/2025,,,
587,Saint John Southworth Enterprise and Research Alliance,Saint John Southworth Enterprise and Research Alliance,School,15O,,10049304,,Training Partner,01/08/2025,,,
588,Saltaire Primary Teacher Training,Saltaire Primary Teacher Training,School,2X8,,10078397,,Training Partner,01/08/2025,,,
589,Samuel Pepys School,Samuel Pepys School,School,1CB,,10017555,,Training Partner,01/08/2025,,,
590,Saracens Bell Lane,Saracens Bell Lane,School,T35,,10093900,,Training Partner,01/08/2025,,,
591,Scarborough Teaching Alliance,Scarborough Teaching Alliance,School,1YS,5736,10007149,,Training Partner,01/08/2025,,,
592,Scarborough TSA Coast & Vale Learning Trust,Scarborough TSA Coast & Vale Learning Trust,School,ST8,,10007149,,Training Partner,01/08/2025,,,
593,SD at Turton,SD at Turton,School,2BS,,10003957,,Training Partner,01/08/2025,,,
594,SeleFirst@NorthEast Partners,SeleFirst@NorthEast Partners,School,16B,,10078829,,Training Partner,01/08/2025,,,
595,Severn Training and Schools Alliance,Severn Training and Schools Alliance,School,1B5,,10016969,,Training Partner,01/08/2025,,,
596,Sharing Excellence Partnership Dunraven School Streatham,Sharing Excellence Partnership Dunraven School Streatham,School,1BW,,10034534,,Training Partner,01/08/2025,,,
597,Shaw Education Trust,Shaw Education Trust,School,5S3,,10060817,,Training Partner,01/08/2025,,,
598,Shepway Teacher Training,Shepway Teacher Training,School,1NG,,10073318,,Training Partner,01/08/2025,,,
599,Sherborne Area Schools Trust,Sherborne Area Schools Trust,School,18M,,10059883,,Training Partner,01/08/2025,,,
600,Sheringham Community Primary School Partnership,Sheringham Community Primary School Partnership,School,1A5,,10072540,,Training Partner,01/08/2025,,,
601,Sheringham High School,Sheringham High School,School,8H6,,10004772,,Training Partner,01/08/2025,,,
602,Shires Teaching Alliance,Shires Teaching Alliance,School,2EB,,10058699,,Training Partner,01/08/2025,,,
603,Shropshire Primary Partnership,Shropshire Primary Partnership,School,2AN,,10007848,,Training Partner,01/08/2025,,,
604,Slough ITE Partnership,Slough ITE Partnership,School,7D6,,10033213,,Training Partner,01/08/2025,,,
605,Southam Teaching Alliance,Southam Teaching Alliance,School,2BN,,10062422,,Training Partner,01/08/2025,,,
606,South Cumbria ITT,South Cumbria ITT,School,2KS,,10058677,,Training Partner,01/08/2025,,,
607,South Downs Teacher Training,South Downs Teacher Training,School,2AZ,5698,10045651,,Training Partner,01/08/2025,,,
608,South East Essex Academy Trust,South East Essex Academy Trust,School,2W2,,10058517,,Training Partner,01/08/2025,,,
609,South East Learning Alliance,South East Learning Alliance,School,1J1,,10037408,,Training Partner,01/08/2025,,,
610,Southend Initial Teacher Training,Southend Initial Teacher Training,School,1AV,,10035498,,Training Partner,01/08/2025,,,
611,South of Tyne Primary Alliance,South of Tyne Primary Alliance,School,2JZ,,10007159,,Training Partner,01/08/2025,,,
612,South West Teacher Training,South West Teacher Training,School,7M7,,10060466,,Training Partner,01/08/2025,,,
613,Sparkenhoe Lead Partner Leicester,Sparkenhoe Lead Partner Leicester,School,1RL,,10082990,,Training Partner,01/08/2025,,,
614,Sponne School,Sponne School,School,1PJ,,10033021,,Training Partner,01/08/2025,,,
615,Springwood High School,Springwood High School,School,1U4,,10033204,,Training Partner,01/08/2025,,,
616,St Andrew’s Alliance,St Andrew’s Alliance,School,2C7,,10068553,,Training Partner,01/08/2025,,,
617,St Andrews CE Primary School,St Andrews CE Primary School,School,1VA,,10074731,,Training Partner,01/08/2025,,,
618,St. Andrew’s Teaching Alliance,St. Andrew’s Teaching Alliance,School,2DD,,10074236,,Training Partner,01/08/2025,,,
619,St Angela’s Teacher Training Centre,St Angela’s Teacher Training Centre,School,1XC,,10006109,,Training Partner,01/08/2025,,,
620,St Anthony’s Primary Learning Partnership,St Anthony’s Primary Learning Partnership,School,1Y9,,10078651,,Training Partner,01/08/2025,,,
621,"St Bede’s Catholic Comprehensive School and Sixth Form College, Lanchester","St Bede’s Catholic Comprehensive School and Sixth Form College, Lanchester",School,1QB,,10037433,,Training Partner,01/08/2025,,,
622,St Edmund’s Nursery School & Children’s Centre,St Edmund’s Nursery School & Children’s Centre,School,1EN,,10047807,,Training Partner,01/08/2025,,,
623,St. Edward’s Teacher Training Partnership,St. Edward’s Teacher Training Partnership,School,1EG,,Not found,,Training Partner,01/08/2025,,,
624,Stepney All Saints Partnership,Stepney All Saints Partnership,School,132,,10005863,,Training Partner,01/08/2025,,,
625,Stevenage Schools’ Partnership,Stevenage Schools’ Partnership,School,2C8,,10006765,,Training Partner,01/08/2025,,,
626,St Francis CMAT,St Francis CMAT,School,29P,,10037583,,Training Partner,01/08/2025,,,
627,St Francis & St Clare Catholic MAC,St Francis & St Clare Catholic MAC,School,5F3,,10048946,,Training Partner,01/08/2025,,,
628,St George RC School,St George RC School,School,1NK,,10040659,,Training Partner,01/08/2025,,,
629,St. George’s Academy Partnership,St. George’s Academy Partnership,School,G15,5636,10029212,,Training Partner,01/08/2025,,,
630,St Helens ONE Grange Valley Primary,St Helens ONE Grange Valley Primary,School,2KF,,10073116,,Training Partner,01/08/2025,,,
631,St Ives Primary School,St Ives Primary School,School,2BL,,10054993,,Training Partner,01/08/2025,,,
632,St James’ Catholic High School,St James’ Catholic High School,School,J2H,,10006183,,Training Partner,01/08/2025,,,
633,St John Bosco Catholic Academy,St John Bosco Catholic Academy,School,5L9,,10060532,,Training Partner,01/08/2025,,,
634,St John Bosco College,St John Bosco College,School,E13,,10035180,,Training Partner,01/08/2025,,,
635,St John Bosco ITT,St John Bosco ITT,School,1S9,,Not found,,Training Partner,01/08/2025,,,
636,St John Paul II Multi Academy Company,St John Paul II Multi Academy Company,School,8T8,,10000722,,Training Partner,01/08/2025,,,
637,St John’s School and Sixth Form College,St John’s School and Sixth Form College,School,1W4,,10035670,,Training Partner,01/08/2025,,,
638,St Joseph Catholic Multi Academy Trust,St Joseph Catholic Multi Academy Trust,School,5S7,,10090107,,Training Partner,01/08/2025,,,
639,St Joseph’s College SCITT,St Joseph’s College SCITT,School,1WJ,5608,10032965,,Training Partner,01/08/2025,,,
640,St Mary and St Thomas Aquinas Primary School,St Mary and St Thomas Aquinas Primary School,School,2T1,,10090323,,Training Partner,01/08/2025,,,
641,St Marylebone Collaborative,St Marylebone Collaborative,School,1ET,,10035059,,Training Partner,01/08/2025,,,
642,St Mary’s Bryanston Square,St Mary’s Bryanston Square,School,2E4,,10073999,,Training Partner,01/08/2025,,,
643,St Mary’s Catholic School,St Mary’s Catholic School,School,2KN,,10043057,,Training Partner,01/08/2025,,,
644,St Mary’s CofE Primary,St Mary’s CofE Primary,School,3S2,,10071424,,Training Partner,01/08/2025,,,
645,St Michael’s CE School Rowley Regis,St Michael’s CE School Rowley Regis,School,3M3,,10017787,,Training Partner,01/08/2025,,,
646,"Stour Vale: Teacher Training Hub for the Black Country, South Staffs and Shropshire","Stour Vale: Teacher Training Hub for the Black Country, South Staffs and Shropshire",School,1FA,,10059465,,Training Partner,01/08/2025,,,
647,St Paul’s Caritas Christi,St Paul’s Caritas Christi,School,242,,10006246,,Training Partner,01/08/2025,,,
648,St Peter’s London Docks CofE Primary School,St Peter’s London Docks CofE Primary School,School,1V1,,10074014,,Training Partner,01/08/2025,,,
649,St Peter’s Solihull Teaching School Alliance,St Peter’s Solihull Teaching School Alliance,School,17Y,,10086770,,Training Partner,01/08/2025,,,
650,St Polycarp’s Teacher Training,St Polycarp’s Teacher Training,School,2EG,,10084196,,Training Partner,01/08/2025,,,
651,Strive4 Academy Trust,Strive4 Academy Trust,School,6S2,,10066119,,Training Partner,01/08/2025,,,
652,St Thomas Catholic Academies Trust,St Thomas Catholic Academies Trust,School,3G3,,10060998,,Training Partner,01/08/2025,,,
653,St Thomas More Catholic School,St Thomas More Catholic School,School,1OO,,10036413,,Training Partner,01/08/2025,,,
654,Suffolk and Norfolk Primary SCITT,Suffolk and Norfolk Primary SCITT,School,S13,5552,10006399,,Training Partner,01/08/2025,,,
655,Summit Learning Trust,Summit Learning Trust,School,19O,,Not found,,Training Partner,01/08/2025,,,
656,Sunderland Aim High Alliance,Sunderland Aim High Alliance,School,1A7,,10044819,,Training Partner,01/08/2025,,,
657,Sunderland Nursery Schools,Sunderland Nursery Schools,School,2JQ,,Not found,,Training Partner,01/08/2025,,,
658,Sunningdale School,Sunningdale School,School,23M,,10018663,,Training Partner,01/08/2025,,,
659,Surrey Downs Partnership,Surrey Downs Partnership,School,3F4,,Not found,,Training Partner,01/08/2025,,,
660,Surrey Downs Partnership with the University of Sussex,Surrey Downs Partnership with the University of Sussex,School,3F2,,Not found,,Training Partner,01/08/2025,,,
661,Sussex Teacher Training,Sussex Teacher Training,School,4S6,,10035578,,Training Partner,01/08/2025,,,
662,Swale Academies Trust,Swale Academies Trust,School,14H,,10031371,,Training Partner,01/08/2025,,,
663,Swale Academies Trust with the University of Sussex,Swale Academies Trust with the University of Sussex,School,3S6,,10031371,,Training Partner,01/08/2025,,,
664,Swindon Teacher Training Partnership,Swindon Teacher Training Partnership,School,2KD,,10034861,,Training Partner,01/08/2025,,,
665,Sydney Russell Teacher Training Centre,Sydney Russell Teacher Training Centre,School,1EJ,,10048673,,Training Partner,01/08/2025,,,
666,Tanbridge Teacher Training,Tanbridge Teacher Training,School,3K3,,10017297,,Training Partner,01/08/2025,,,
667,TCAT Train to Teach,TCAT Train to Teach,School,2H4,,10064284,,Training Partner,01/08/2025,,,
668,Teach Catalyst,Teach Catalyst,School,166,,10039702,,Training Partner,01/08/2025,,,
669,"Teach Central, formerly RSA Academies’","Teach Central, formerly RSA Academies’",School,26A,,10038446,,Training Partner,01/08/2025,,,
670,Teach Cheshire,Teach Cheshire,School,1JS,,10031375,,Training Partner,01/08/2025,,,
671,Teach for Life with LiFE MAT & Partners,Teach for Life with LiFE MAT & Partners,School,1A4,,10036928,,Training Partner,01/08/2025,,,
672,Teach in Kent,Teach in Kent,School,26J,,10066627,,Training Partner,01/08/2025,,,
673,Teach Kent & Sussex,Teach Kent & Sussex,School,2EZ,5715,10058549,,Training Partner,01/08/2025,,,
674,Teach London South East,Teach London South East,School,2GP,,10035578,,Training Partner,01/08/2025,,,
675,Teach Maidenhead,Teach Maidenhead,School,286,,10035798,,Training Partner,01/08/2025,,,
676,Teach Manchester,Teach Manchester,School,1HJ,,10017302,,Training Partner,01/08/2025,,,
677,TeachWestLondonPGTA@St Mary’s,TeachWestLondonPGTA@St Mary’s,School,S65,,10007843,,Training Partner,01/08/2025,,,
678,Teach Wimbledon,Teach Wimbledon,School,1ZO,,Not found,,Training Partner,01/08/2025,,,
679,Thamesmead SCITT,Thamesmead SCITT,School,T26,5588,10034809,,Training Partner,01/08/2025,,,
680,The Basingstoke Alliance SCITT,The Basingstoke Alliance SCITT,School,B17,5628,10034865,,Training Partner,01/08/2025,,,
681,The Bedfordshire Schools Training Partnership,The Bedfordshire Schools Training Partnership,School,B31,5525,10055198,,Training Partner,01/08/2025,,,
682,The Bishop Fraser Trust Bolton & Bury ITT Partnership,The Bishop Fraser Trust Bolton & Bury ITT Partnership,School,18J,,10064724,,Training Partner,01/08/2025,,,
683,The Borromeo Training Hub,The Borromeo Training Hub,School,4B3,,10006135,,Training Partner,01/08/2025,,,
684,The Bracknell Forest Partnership,The Bracknell Forest Partnership,School,2FZ,,10034787,,Training Partner,01/08/2025,,,
685,The Bucks Hub Partnership,The Bucks Hub Partnership,School,2FX,,10034632,,Training Partner,01/08/2025,,,
686,"The Cambridge Training School Network Partnership, CTSN","The Cambridge Training School Network Partnership, CTSN",School,1LK,,10032979,,Training Partner,01/08/2025,,,
687,The Compton School,The Compton School,School,19P,,10032609,,Training Partner,01/08/2025,,,
688,The Deepings SCITT,The Deepings SCITT,School,C36,5613,10058447,,Training Partner,01/08/2025,,,
689,The de Ferrers Trust,The de Ferrers Trust,School,100,,10032605,,Training Partner,01/08/2025,,,
690,The Diocese of Hereford Multi Academy Trust,The Diocese of Hereford Multi Academy Trust,School,2D3,,10060662,,Training Partner,01/08/2025,,,
691,The Education Learning Trust,The Education Learning Trust,School,1OJ,,10047166,,Training Partner,01/08/2025,,,
692,The Elliot Foundation,The Elliot Foundation,School,5E3,,10059861,,Training Partner,01/08/2025,,,
693,The Federation of St. Elphege’s Catholic Schools,The Federation of St. Elphege’s Catholic Schools,School,149,,Not found,,Training Partner,01/08/2025,,,
694,The Ferrers School,The Ferrers School,School,3F3,,10042617,,Training Partner,01/08/2025,,,
695,The Golden Thread Teaching School Hub,The Golden Thread Teaching School Hub,School,155,,10038662,,Training Partner,01/08/2025,,,
696,The Griffin Schools Trust Teacher Training,The Griffin Schools Trust Teacher Training,School,2LF,,10059492,,Training Partner,01/08/2025,,,
697,The Harmony Trust,The Harmony Trust,School,3H7,,10060711,,Training Partner,01/08/2025,,,
698,The Havering Teacher Training Partnership,The Havering Teacher Training Partnership,School,H17,5592,10059123,,Training Partner,01/08/2025,,,
699,The Heath Consortium,The Heath Consortium,School,1DO,,10003957,,Training Partner,01/08/2025,,,
700,The Howard Partnership Trust,The Howard Partnership Trust,School,4H4,,10058685,,Training Partner,01/08/2025,,,
701,The Joseph Whitaker School,The Joseph Whitaker School,School,2K7,,10035689,,Training Partner,01/08/2025,,,
702,The Kite Academy Trust,The Kite Academy Trust,School,7V4,,10061033,,Training Partner,01/08/2025,,,
703,The Leaf Trust,The Leaf Trust,School,27R,,10092939,,Training Partner,01/08/2025,,,
704,The Learning Institute South West,The Learning Institute South West,School,L19,5570,10057945,,Training Partner,01/08/2025,,,
705,The Learning Partnership,The Learning Partnership,School,1M1,,10036828,,Training Partner,01/08/2025,,,
706,The Legacy Learning Trust,The Legacy Learning Trust,School,1SP,,10007733,,Training Partner,01/08/2025,,,
707,The Lion Alliance,The Lion Alliance,School,1K1,,10034651,,Training Partner,01/08/2025,,,
708,The Lozells School Direct Programme,The Lozells School Direct Programme,School,139,,10015923,,Training Partner,01/08/2025,,,
709,The Minster Learning Alliance,The Minster Learning Alliance,School,1EC,,10081959,,Training Partner,01/08/2025,,,
710,The National Mathematics and Physics SCITT,The National Mathematics and Physics SCITT,School,2H8,5718,10060171,,Training Partner,01/08/2025,,,
711,The Olympus Academy Trust,The Olympus Academy Trust,School,25X,,10036157,,Training Partner,01/08/2025,,,
712,The Primary First Trust,The Primary First Trust,School,3N3,,10060641,,Training Partner,01/08/2025,,,
713,The Priory Learning Trust,The Priory Learning Trust,School,2E3,,10034815,,Training Partner,01/08/2025,,,
714,The Pyramid Schools Trust,The Pyramid Schools Trust,School,3P2,,10058888,,Training Partner,01/08/2025,,,
715,The Ripley Academy,The Ripley Academy,School,2T8,,10047141,,Training Partner,01/08/2025,,,
716,The Roseland Academy,The Roseland Academy,School,4B2,,10033262,,Training Partner,01/08/2025,,,
717,The Rural Schools Alliance,The Rural Schools Alliance,School,2EN,,10017713,,Training Partner,01/08/2025,,,
718,The Rutland and District School Federation,The Rutland and District School Federation,School,1F1,,10033296,,Training Partner,01/08/2025,,,
719,The Rutland Learning Trust,The Rutland Learning Trust,School,3N6,,10047605,,Training Partner,01/08/2025,,,
720,The Sandstone Trust,The Sandstone Trust,School,26L,,10003957,,Training Partner,01/08/2025,,,
721,The Shire Foundation,The Shire Foundation,School,S25,5536,10046141,,Training Partner,01/08/2025,,,
722,The UCL Academy,The UCL Academy,School,9A6,,10035564,,Training Partner,01/08/2025,,,
723,The Viridis Schools Partnership,The Viridis Schools Partnership,School,2CN,,10078029,,Training Partner,01/08/2025,,,
724,The West Bridgford School,The West Bridgford School,School,219,,10033343,,Training Partner,01/08/2025,,,
725,The Wokingham Federation,The Wokingham Federation,School,152,,10034161,,Training Partner,01/08/2025,,,
726,The Wonder Institute of Education,The Wonder Institute of Education,School,2HT,,10062312,,Training Partner,01/08/2025,,,
727,The Yorkshire Rose Teaching Partnership,The Yorkshire Rose Teaching Partnership,School,13R,,10035145,,Training Partner,01/08/2025,,,
728,Thinking School Academy Trust Teacher Training,Thinking School Academy Trust Teacher Training,School,1DX,,10032200,,Training Partner,01/08/2025,,,
729,Thomas Telford Multi Academy Trust,Thomas Telford Multi Academy Trust,School,W53,5548,10058173,,Training Partner,01/08/2025,,,
730,Three Spires Trust,Three Spires Trust,School,6T2,,10088355,,Training Partner,01/08/2025,,,
731,Titan Teacher Training,Titan Teacher Training,School,T30,5544,10039377,,Training Partner,01/08/2025,,,
732,Tividale Community Primary School,Tividale Community Primary School,School,142,,10073602,,Training Partner,01/08/2025,,,
733,TKAT (School Direct),TKAT (School Direct),School,2G5,,Not found,,Training Partner,01/08/2025,,,
734,Toot Hill School (Nottinghamshire Torch SCITT),Toot Hill School (Nottinghamshire Torch SCITT),School,1EB,,10055362,,Training Partner,01/08/2025,,,
735,Torfield School,Torfield School,School,1YE,,10047137,,Training Partner,01/08/2025,,,
736,Transforming Lives Educational Trust Initial Teacher Training (TLET ITT),Transforming Lives Educational Trust Initial Teacher Training (TLET ITT),School,1XO,,10044162,,Training Partner,01/08/2025,,,
737,TSAT SCITT,TSAT SCITT,School,1SF,,10024318,,Training Partner,01/08/2025,,,
738,TTTC (Thurrock Teacher Training Company),TTTC (Thurrock Teacher Training Company),School,1CN,,Not found,,Training Partner,01/08/2025,,,
739,Tudor Grange Initial Teacher Training,Tudor Grange Initial Teacher Training,School,T87,5582,10031583,,Training Partner,01/08/2025,,,
740,Turing House School,Turing House School,School,T98,,10053860,,Training Partner,01/08/2025,,,
741,Two Counties,Two Counties,School,26Q,,10006865,,Training Partner,01/08/2025,,,
742,Two Mile Ash ITT Partnership,Two Mile Ash ITT Partnership,School,T89,5598,10059102,,Training Partner,01/08/2025,,,
743,Two Mile Ash School,Two Mile Ash School,School,1WY,,10059102,,Training Partner,01/08/2025,,,
744,Unity Teacher Training Partnership,Unity Teacher Training Partnership,School,3U1,,10072593,,Training Partner,01/08/2025,,,
745,University Campus Oldham,University Campus Oldham,HEI,KG8,,10006770,,Training Partner,01/08/2025,,,
746,University of Bolton,University of Bolton,HEI,8N5,1586,10006841,,Training Partner,01/08/2025,,,
747,University of Hull,University of Hull,HEI,H72,1551,10007149,,Training Partner,01/08/2025,,,
748,University of Plymouth,University of Plymouth,HEI,P60,1557,10007801,,Training Partner,01/08/2025,,,
749,UTC South Durham,UTC South Durham,School,2U3,,10064290,,Training Partner,01/08/2025,,,
750,Valentines High School,Valentines High School,School,1OM,,10007204,,Training Partner,01/08/2025,,,
751,Valley Invicta Academies Trust (VIAT),Valley Invicta Academies Trust (VIAT),School,1CU,,10033423,,Training Partner,01/08/2025,,,
752,Valley Invicta Teacher Training with the University of Sussex,Valley Invicta Teacher Training with the University of Sussex,School,3V2,,10033423,,Training Partner,01/08/2025,,,
753,Wade Deacon Trust,Wade Deacon Trust,School,1KQ,,10007848,,Training Partner,01/08/2025,,,
754,Waldegrave Training Alliance,Waldegrave Training Alliance,School,1FP,,10037849,,Training Partner,01/08/2025,,,
755,Waldegrave Training Alliance with the University of Sussex,Waldegrave Training Alliance with the University of Sussex,School,3FP,,10037849,,Training Partner,01/08/2025,,,
756,Waltham Forest Partnership,Waltham Forest Partnership,School,1AK,,10007784,,Training Partner,01/08/2025,,,
757,Wandle Teaching School Hub,Wandle Teaching School Hub,School,13V,,10066360,,Training Partner,01/08/2025,,,
758,Washington and Chester le Street Teacher Training Alliance,Washington and Chester le Street Teacher Training Alliance,School,2W4,,10068929,,Training Partner,01/08/2025,,,
759,Waterton Academy Trust,Waterton Academy Trust,School,2EL,,10060843,,Training Partner,01/08/2025,,,
760,Watford Grammar School for Girls,Watford Grammar School for Girls,School,12L,,10031380,,Training Partner,01/08/2025,,,
761,Waverley School in partnership with Birmingham City University,Waverley School in partnership with Birmingham City University,School,1RH,,10060245,,Training Partner,01/08/2025,,,
762,Wealden Partnership,Wealden Partnership,School,1Z2,,10002980,,Training Partner,01/08/2025,,,
763,Wealden Partnership with the University of Sussex,Wealden Partnership with the University of Sussex,School,4W3,,10002980,,Training Partner,01/08/2025,,,
764,Weatherhead High School,Weatherhead High School,School,21D,,10035973,,Training Partner,01/08/2025,,,
765,Welford on Avon School Teacher Training Hub,Welford on Avon School Teacher Training Hub,School,2L6,,10078076,,Training Partner,01/08/2025,,,
766,Wessex Teach,Wessex Teach,School,1QW,,10034818,,Training Partner,01/08/2025,,,
767,West London Teacher Training Alliance (Primary),West London Teacher Training Alliance (Primary),School,1EL,,10036715,,Training Partner,01/08/2025,,,
768,West London Teacher Training Alliance (Secondary),West London Teacher Training Alliance (Secondary),School,2BV,,10036715,,Training Partner,01/08/2025,,,
769,Wheatley Hill Primary School,Wheatley Hill Primary School,School,3DR,,10007159,,Training Partner,01/08/2025,,,
770,Whitburn Church of England Academy,Whitburn Church of England Academy,School,23F,,10038631,,Training Partner,01/08/2025,,,
771,White Rose Alliance,White Rose Alliance,School,196,,10003643,,Training Partner,01/08/2025,,,
772,White Woman Lane Junior School,White Woman Lane Junior School,School,1MH,,10072966,,Training Partner,01/08/2025,,,
773,Wigan and West Lancashire Catholic School Direct,Wigan and West Lancashire Catholic School Direct,School,27Q,,10003956,,Training Partner,01/08/2025,,,
774,Wigan Catholic Primary Alliance,Wigan Catholic Primary Alliance,School,4W4,,10003956,,Training Partner,01/08/2025,,,
775,Wildern Partnership,Wildern Partnership,School,1WH,5632,10033371,,Training Partner,01/08/2025,,,
776,William de Ferrers School,William de Ferrers School,School,2W1,,10033230,,Training Partner,01/08/2025,,,
777,William Shrewsbury Primary Partnership,William Shrewsbury Primary Partnership,School,2FM,,10065446,,Training Partner,01/08/2025,,,
778,Winchester Teaching School Alliance,Winchester Teaching School Alliance,School,27L,,10016269,,Training Partner,01/08/2025,,,
779,"Windsor, Ascot and Maidenhead Consortium","Windsor, Ascot and Maidenhead Consortium",School,1AZ,,10005550,,Training Partner,01/08/2025,,,
780,Windsor Teaching Alliance,Windsor Teaching Alliance,School,23R,,10005550,,Training Partner,01/08/2025,,,
781,Wirral Schools Collaboration (Pensby),Wirral Schools Collaboration (Pensby),School,1ME,,10003957,,Training Partner,01/08/2025,,,
782,WISE ITT,WISE ITT,School,15Q,,10033407,,Training Partner,01/08/2025,,,
783,Wood Green ITT Alliance,Wood Green ITT Alliance,School,1O7,,10033330,,Training Partner,01/08/2025,,,
784,Woodrush Training Consortium,Woodrush Training Consortium,School,21T,,10034168,,Training Partner,01/08/2025,,,
785,Woolwich Poly,Woolwich Poly,School,1HC,,Not found,,Training Partner,01/08/2025,,,
786,Wren Academy,Wren Academy,School,19V,,10024205,,Training Partner,01/08/2025,,,
787,Wright Robinson College,Wright Robinson College,School,7Z5,,10084213,,Training Partner,01/08/2025,,,
788,Yarrow Schools Alliance,Yarrow Schools Alliance,School,22P,,10040125,,Training Partner,01/08/2025,,,
789,York College,York College,School,Y70,,10007709,,Training Partner,01/08/2025,,,
